-- phpMyAdmin SQL Dump
-- version 5.1.1
-- https://www.phpmyadmin.net/
--
-- Host: 127.0.0.1
-- Generation Time: Aug 26, 2021 at 05:48 AM
-- Server version: 10.4.20-MariaDB
-- PHP Version: 7.3.29

SET SQL_MODE = "NO_AUTO_VALUE_ON_ZERO";
START TRANSACTION;
SET time_zone = "+00:00";


/*!40101 SET @OLD_CHARACTER_SET_CLIENT=@@CHARACTER_SET_CLIENT */;
/*!40101 SET @OLD_CHARACTER_SET_RESULTS=@@CHARACTER_SET_RESULTS */;
/*!40101 SET @OLD_COLLATION_CONNECTION=@@COLLATION_CONNECTION */;
/*!40101 SET NAMES utf8mb4 */;

--
-- Database: `shop_pizza_365`
--

-- --------------------------------------------------------

--
-- Table structure for table `customers`
--

CREATE TABLE `customers` (
  `id` bigint(20) NOT NULL,
  `address` varchar(255) DEFAULT NULL,
  `city` varchar(255) DEFAULT NULL,
  `country` varchar(255) DEFAULT NULL,
  `credit_limit` int(11) DEFAULT NULL,
  `first_name` varchar(255) DEFAULT NULL,
  `last_name` varchar(255) DEFAULT NULL,
  `phone_number` varchar(255) DEFAULT NULL,
  `postal_code` varchar(255) DEFAULT NULL,
  `sales_rep_employee_number` int(11) DEFAULT NULL,
  `state` varchar(255) DEFAULT NULL
) ENGINE=InnoDB DEFAULT CHARSET=utf8;

--
-- Dumping data for table `customers`
--

INSERT INTO `customers` (`id`, `address`, `city`, `country`, `credit_limit`, `first_name`, `last_name`, `phone_number`, `postal_code`, `sales_rep_employee_number`, `state`) VALUES
(103, '54, rue Royale', 'Nantes', 'France', 21000, 'Carine', 'Schmitt', '40.32.2555', '44000', 1370, 'null'),
(112, '8489 Strong St.', 'Las Vegas', 'USA', 71800, 'Jean', 'King', '7025551838', '83030', 1166, 'NV'),
(114, '636 St Kilda Road', 'Melbourne', 'Australia', 117300, 'Peter', 'Ferguson', '03 9520 4555', '3004', 1611, 'Victoria'),
(119, '67, rue des Cinquante Otages', 'Nantes', 'France', 118200, 'Janine', 'Labrune', '40.67.8555', '44000', 1370, 'null'),
(121, 'Erling Skakkes gate 78', 'Stavern', 'Norway', 81700, 'Jonas', 'Bergulfsen', '07-98 9555', '4110', 1504, 'null'),
(124, '5677 Strong St.', 'San Rafael', 'USA', 210500, 'Susan', 'Nelson', '4155551450', '97562', 1165, 'CA'),
(125, 'ul. Filtrowa 68', 'Warszawa', 'Poland', 0, 'Zbyszek', 'Piestrzeniewicz', '(26) 642-7555', '01-012', 0, 'null'),
(128, 'Lyonerstr. 34', 'Frankfurt', 'Germany', 59700, 'Roland', 'Keitel', '+49 69 66 90 2555', '60528', 1504, 'null'),
(129, '5557 North Pendale Street', 'San Francisco', 'USA', 64600, 'Julie', 'Murphy', '6505555787', '94217', 1165, 'CA'),
(131, '897 Long Airport Avenue', 'NYC', 'USA', 114900, 'Kwai', 'Lee', '2125557818', '10022', 1323, 'NY'),
(141, 'C/ Moralzarzal, 86', 'Madrid', 'Spain', 227600, 'Diego', 'Freyre', '(91) 555 94 44', '28034', 1370, 'null'),
(144, 'Berguvsvägen 8', 'Luleå', 'Sweden', 53100, 'Christina', 'Berglund', '0921-12 3555', 'S-958 22', 1504, 'null'),
(145, 'Vinbæltet 34', 'Kobenhavn', 'Denmark', 83400, 'Jytte', 'Petersen', '31 12 3555', '1734', 1401, 'null'),
(146, '2, rue du Commerce', 'Lyon', 'France', 123900, 'Mary', 'Saveley', '78.32.5555', '69004', 1337, 'null'),
(148, 'Bronz Sok.', 'Singapore', 'Singapore', 103800, 'Eric', 'Natividad', '+65 221 7555', '79903', 1621, 'null'),
(151, '4092 Furth Circle', 'NYC', 'USA', 138500, 'Jeff', 'Young', '2125557413', '10022', 1286, 'NY'),
(157, '7586 Pompton St.', 'Allentown', 'USA', 100600, 'Kelvin', 'Leong', '2155551555', '70267', 1216, 'PA'),
(161, '9408 Furth Circle', 'Burlingame', 'USA', 84600, 'Juri', 'Hashimoto', '6505556809', '94217', 1165, 'CA'),
(166, '106 Linden Road Sandown', 'Singapore', 'Singapore', 97900, 'Wendy', 'Victorino', '+65 224 1555', '69045', 1612, 'null'),
(167, 'Brehmen St. 121', 'Bergen', 'Norway', 96800, 'Veysel', 'Oeztan', '+47 2267 3215', 'N 5804', 1504, 'null'),
(168, '149 Spinnaker Dr.', 'New Haven', 'USA', 0, 'Keith', 'Franco', '2035557845', '97823', 1286, 'CT'),
(169, 'Estrada da saúde n. 58', 'Lisboa', 'Portugal', 0, 'Isabel', 'de Castro', '(1) 356-5555', '1756', 0, 'null'),
(171, '184, chaussée de Tournai', 'Lille', 'France', 82900, 'Martine', 'Rancé', '20.16.1555', '59000', 1370, 'null'),
(172, '265, boulevard Charonne', 'Paris', 'France', 84300, 'Marie', 'Bertrand', '(1) 42.34.2555', '75012', 1337, 'null'),
(173, '4658 Baden Av.', 'Cambridge', 'USA', 43400, 'Jerry', 'Tseng', '6175555555', '51247', 1188, 'MA'),
(175, '25593 South Bay Ln.', 'Bridgewater', 'USA', 84300, 'Julie', 'King', '2035552570', '97562', 1323, 'CT'),
(177, '1-6-20 Dojima', 'Kita-ku', 'Japan', 81200, 'Mory', 'Kentary', '+81 06 6342 5555', '530-0003', 1621, 'Osaka'),
(181, '2678 Kingston Rd.', 'NYC', 'USA', 76400, 'Michael', 'Frick', '2125551500', '10022', 1286, 'NY'),
(186, 'Keskuskatu 45', 'Helsinki', 'Finland', 96500, 'Matti', 'Karttunen', '90-224 8555', '21240', 1501, 'null'),
(187, 'Fauntleroy Circus', 'Manchester', 'UK', 136800, 'Rachel', 'Ashworth', '(171) 555-1555', 'EC2 5NT', 1501, 'null'),
(189, '25 Maiden Lane', 'Dublin', 'Ireland', 69400, 'Dean', 'Cassidy', '+353 1862 1555', '2', 1504, 'null'),
(198, '16780 Pompton St.', 'Brickhaven', 'USA', 23000, 'Leslie', 'Taylor', '6175558428', '58339', 1216, 'MA'),
(201, '12, Berkeley Gardens Blvd', 'Liverpool', 'UK', 92700, 'Elizabeth', 'Devon', '(171) 555-2282', 'WX1 6LT', 1501, 'null'),
(202, '1900 Oak St.', 'Vancouver', 'Canada', 90300, 'Yoshi', 'Tamuri', '(604) 555-3392', 'V3F 2K1', 1323, 'BC'),
(204, '7635 Spinnaker Dr.', 'Brickhaven', 'USA', 68700, 'Miguel', 'Barajas', '6175557555', '58339', 1188, 'MA'),
(205, '78934 Hillside Dr.', 'Pasadena', 'USA', 90700, 'Julie', 'Young', '6265557265', '90003', 1166, 'CA'),
(206, 'Suntec Tower Three', 'Singapore', 'Singapore', 0, 'Brydey', 'Walker', '+612 9411 1555', '38988', 0, 'null'),
(209, '24, place Kléber', 'Strasbourg', 'France', 53800, 'Frédérique', 'Citeaux', '88.60.1555', '67000', 1370, 'null'),
(211, 'Bank of China Tower', 'Central Hong Kong', 'Hong Kong', 58600, 'Mike', 'Gao', '+852 2251 1555', 'null', 1621, 'null'),
(216, 'Rambla de Cataluña, 23', 'Barcelona', 'Spain', 60300, 'Eduardo', 'Saavedra', '(93) 203 4555', '8022', 1702, 'null'),
(219, '4097 Douglas Av.', 'Glendale', 'USA', 11000, 'Mary', 'Young', '3105552373', '92561', 1166, 'CA'),
(223, 'Taucherstraße 10', 'Cunewalde', 'Germany', 0, 'Horst', 'Kloss', '0372-555188', '1307', 0, 'null'),
(227, 'Smagsloget 45', 'Århus', 'Denmark', 120800, 'Palle', 'Ibsen', '86 21 3555', '8200', 1401, 'null'),
(233, '43 rue St. Laurent', 'Montréal', 'Canada', 48700, 'Jean', 'Fresnière', '(514) 555-8054', 'H1J 1C3', 1286, 'Québec'),
(237, 'Gran Vía, 1', 'Madrid', 'Spain', 0, 'Alejandra', 'Camino', '(91) 745 6555', '28001', 0, 'null'),
(239, '361 Furth Circle', 'San Diego', 'USA', 105000, 'Valarie', 'Thompson', '7605558146', '91217', 1166, 'CA'),
(240, 'Garden House', 'Cowes', 'UK', 93900, 'Helen', 'Bennett', '(198) 555-8888', 'PO31 7PJ', 1501, 'Isle of Wight'),
(242, '1 rue Alsace-Lorraine', 'Toulouse', 'France', 61100, 'Annette', 'Roulet', '61.77.6555', '31000', 1370, 'null'),
(247, 'Magazinweg 7', 'Frankfurt', 'Germany', 0, 'Renate', 'Messner', '069-0555984', '60528', 0, 'null'),
(249, 'Via Monte Bianco 34', 'Torino', 'Italy', 113000, 'Paolo', 'Accorti', '011-4988555', '10100', 1401, 'null'),
(250, '27 rue du Colonel Pierre Avia', 'Paris', 'France', 68100, 'Daniel', 'Da Silva', '+33 1 46 62 7555', '75508', 1337, 'null'),
(256, '67, avenue de l\'Europe', 'Versailles', 'France', 77900, 'Daniel', 'Tonini', '30.59.8555', '78000', 1370, 'null'),
(259, 'Mehrheimerstr. 369', 'Köln', 'Germany', 120400, 'Henriette', 'Pfalzheim', '0221-5554327', '50739', 1504, 'null'),
(260, '23 Tsawassen Blvd.', 'Tsawassen', 'Canada', 89600, 'Elizabeth', 'Lincoln', '(604) 555-4555', 'T2F 8M4', 1323, 'BC'),
(273, 'Berliner Platz 43', 'München', 'Germany', 0, 'Peter', 'Franken', '089-0877555', '80805', 0, 'null'),
(276, '201 Miller Street', 'North Sydney', 'Australia', 107800, 'Anna', 'O\'Hara', '02 9936 8555', '2060', 1611, 'NSW'),
(278, 'Via Ludovico il Moro 22', 'Bergamo', 'Italy', 119600, 'Giovanni', 'Rovelli', '035-640555', '24100', 1401, 'null'),
(282, 'Monitor Money Building', 'Chatswood', 'Australia', 93300, 'Adrian', 'Huxley', '+61 2 9495 8555', '2067', 1611, 'NSW'),
(286, '39323 Spinnaker Dr.', 'Cambridge', 'USA', 123700, 'Marta', 'Hernandez', '6175558555', '51247', 1216, 'MA'),
(293, 'Rte des Arsenaux 41', 'Fribourg', 'Switzerland', 0, 'Ed', 'Harrison', '+41 26 425 50 01', '1700', 0, 'null'),
(298, 'Grenzacherweg 237', 'Genève', 'Switzerland', 141300, 'Mihael', 'Holz', '0897-034555', '1203', 1702, 'null'),
(299, 'Drammensveien 126A', 'Oslo', 'Norway', 95100, 'Jan', 'Klaeboe', '+47 2212 1555', 'N 0106', 1504, 'null'),
(303, 'Kingsfordweg 151', 'Amsterdam', 'Netherlands', 0, 'Bradley', 'Schuyler', '+31 20 491 9555', '1043 GR', 0, 'null'),
(307, 'Obere Str. 57', 'Berlin', 'Germany', 0, 'Mel', 'Andersen', '030-0074555', '12209', 0, 'null'),
(311, 'Torikatu 38', 'Oulu', 'Finland', 90500, 'Pirkko', 'Koskitalo', '981-443655', '90110', 1501, 'null'),
(314, 'Rue Joseph-Bens 532', 'Bruxelles', 'Belgium', 79900, 'Catherine', 'Dewey', '(02) 5554 67', 'B-1180', 1401, 'null'),
(319, '3758 North Pendale Street', 'White Plains', 'USA', 102700, 'Steve', 'Frick', '9145554562', '24067', 1323, 'NY'),
(320, '4575 Hillside Dr.', 'New Bedford', 'USA', 94500, 'Wing', 'Huang', '5085559555', '50553', 1188, 'MA'),
(321, '7734 Strong St.', 'San Francisco', 'USA', 105000, 'Julie', 'Brown', '6505551386', '94217', 1165, 'CA'),
(323, '162-164 Grafton Road', 'Auckland', 'New Zealand', 88000, 'Mike', 'Graham', '+64 9 312 5555', 'null', 1612, 'null'),
(324, '35 King George', 'London', 'UK', 77000, 'Ann', 'Brown', '(171) 555-0297', 'WX3 6FW', 1501, 'null'),
(328, '7476 Moss Rd.', 'Newark', 'USA', 43000, 'William', 'Brown', '2015559350', '94019', 1323, 'NJ'),
(333, '31 Duncan St. West End', 'South Brisbane', 'Australia', 51600, 'Ben', 'Calaghan', '61-7-3844-6555', '4101', 1611, 'Queensland'),
(334, 'Software Engineering Center', 'Espoo', 'Finland', 98800, 'Kalle', 'Suominen', '+358 9 8045 555', 'FIN-02271', 1501, 'null'),
(335, 'Maubelstr. 90', 'Brandenburg', 'Germany', 0, 'Philip', 'Cramer', '0555-09555', '14776', 0, 'null'),
(339, '782 First Street', 'Philadelphia', 'USA', 81100, 'Francisca', 'Cervantes', '2155554695', '71270', 1188, 'PA'),
(344, 'Merchants House', 'Madrid', 'Spain', 59600, 'Jesus', 'Fernandez', '+34 913 728 555', '28023', 1702, 'null'),
(347, '6047 Douglas Av.', 'Los Angeles', 'USA', 57700, 'Brian', 'Chandler', '2155554369', '91003', 1166, 'CA'),
(348, '8 Johnstown Road', 'Cork', 'Ireland', 0, 'Patricia', 'McKenna', '2967 555', 'null', 0, 'Co. Cork'),
(350, '12, rue des Bouchers', 'Marseille', 'France', 65000, 'Laurence', 'Lebihan', '91.24.4555', '13008', 1337, 'null'),
(353, '59 rue de l\'Abbaye', 'Reims', 'France', 81100, 'Paul', 'Henriot', '26.47.1555', '51100', 1337, 'null'),
(356, '1250 Pretorius Street', 'Hatfield', 'South Africa', 0, 'Armand', 'Kuger', '+27 21 550 3555', '28', 0, 'Pretoria'),
(357, '199 Great North Road', 'Auckland', 'New Zealand', 77700, 'Wales', 'MacKinlay', '64-9-3763555', 'null', 1612, 'null'),
(361, 'Luisenstr. 48', 'Münster', 'Germany', 0, 'Karin', 'Josephs', '0251-555259', '44087', 0, 'null'),
(362, '8616 Spinnaker Dr.', 'Boston', 'USA', 41900, 'Juri', 'Yoshido', '6175559555', '51003', 1216, 'MA'),
(363, '2304 Long Airport Avenue', 'Nashua', 'USA', 114200, 'Dorothy', 'Young', '6035558647', '62005', 1216, 'NH'),
(369, 'Jardim das rosas n. 32', 'Lisboa', 'Portugal', 0, 'Lino', 'Rodriguez', '(1) 354-2555', '1675', 0, 'null'),
(376, 'Hauptstr. 29', 'Bern', 'Switzerland', 0, 'Braun', 'Urs', '0452-076555', '3012', 1702, 'null'),
(379, '7825 Douglas Av.', 'Brickhaven', 'USA', 70700, 'Allen', 'Nelson', '6175558555', '58339', 1188, 'MA'),
(381, 'Boulevard Tirou, 255', 'Charleroi', 'Belgium', 23500, 'Pascale', 'Cartrain', '(071) 23 67 2555', 'B-6000', 1401, 'null'),
(382, 'Geislweg 14', 'Salzburg', 'Austria', 71700, 'Georg', 'Pipps', '6562-9555', '5020', 1401, 'null'),
(385, '15 McCallum Street', 'Makati City', 'Philippines', 81500, 'Arnold', 'Cruz', '+63 2 555 3587', '1227 MM', 1621, 'null'),
(386, 'Strada Provinciale 124', 'Reggio Emilia', 'Italy', 121400, 'Maurizio', 'Moroni', '0522-556555', '42100', 1401, 'null'),
(398, '2-2-8 Roppongi', 'Minato-ku', 'Japan', 94400, 'Akiko', 'Shimamura', '+81 3 3584 0555', '106-0032', 1621, 'Tokyo'),
(406, '25, rue Lauriston', 'Paris', 'France', 95000, 'Dominique', 'Perrier', '(1) 47.55.6555', '75016', 1337, 'null'),
(409, 'Adenauerallee 900', 'Stuttgart', 'Germany', 0, 'Rita', 'Müller', '0711-555361', '70563', 0, 'null'),
(412, '101 Lambton Quay', 'Wellington', 'New Zealand', 86800, 'Sarah', 'McRoy', '04 499 9555', 'null', 1612, 'null'),
(415, 'Hansastr. 15', 'Munich', 'Germany', 77000, 'Michael', 'Donnermeyer', '+49 89 61 08 9555', '80686', 1504, 'null'),
(424, '5905 Pompton St.', 'NYC', 'USA', 67500, 'Maria', 'Hernandez', '2125558493', '10022', 1286, 'NY'),
(443, 'Heerstr. 22', 'Leipzig', 'Germany', 0, 'Alexander', 'Feuer', '0342-555176', '4179', 0, 'null'),
(447, '2440 Pompton St.', 'Glendale', 'USA', 49700, 'Dan', 'Lewis', '2035554407', '97561', 1323, 'CT'),
(448, 'Åkergatan 24', 'Bräcke', 'Sweden', 116400, 'Martha', 'Larsson', '0695-34 6555', 'S-844 67', 1504, 'null'),
(450, '3086 Ingle Ln.', 'San Jose', 'USA', 77600, 'Sue', 'Frick', '4085553659', '94217', 1165, 'CA'),
(452, 'Kirchgasse 6', 'Graz', 'Austria', 45300, 'Roland', 'Mendel', '7675-3555', '8010', 1401, 'null'),
(455, '567 North Pendale Street', 'New Haven', 'USA', 95400, 'Leslie', 'Murphy', '2035559545', '97823', 1286, 'CT'),
(456, '5290 North Pendale Street', 'NYC', 'USA', 39800, 'Yu', 'Choi', '2125551957', '10022', 1286, 'NY'),
(458, 'C/ Araquil, 67', 'Madrid', 'Spain', 104600, 'Martín', 'Sommer', '(91) 555 22 82', '28023', 1702, 'null'),
(459, 'Walserweg 21', 'Aachen', 'Germany', 0, 'Sven', 'Ottlieb', '0241-039123', '52066', 0, 'null'),
(462, '1785 First Street', 'New Bedford', 'USA', 85800, 'Violeta', 'Benitez', '5085552555', '50553', 1216, 'MA'),
(465, 'c/ Gobelas, 19-1 Urb. La Florida', 'Madrid', 'Spain', 0, 'Carmen', 'Anton', '+34 913 728555', '28023', 0, 'null'),
(471, '7 Allen Street', 'Glen Waverly', 'Australia', 60300, 'Sean', 'Clenahan', '61-9-3844-6555', '3150', 1611, 'Victoria'),
(473, '20093 Cologno Monzese', 'Milan', 'Italy', 34800, 'Franco', 'Ricotti', '+39 022515555', 'null', 1401, 'null'),
(475, '3675 Furth Circle', 'Burbank', 'USA', 55400, 'Steve', 'Thompson', '3105553722', '94019', 1166, 'CA'),
(477, 'Forsterstr. 57', 'Mannheim', 'Germany', 0, 'Hanna', 'Moos', '0621-08555', '68306', 0, 'null'),
(480, '2 Pobedy Square', 'Saint Petersburg', 'Russia', 0, 'Alexander', 'Semenov', '+7 812 293 0521', '196143', 0, 'null'),
(481, '3 Hagalim Blv.', 'Herzlia', 'Israel', 0, 'Raanan', 'Altagar,G M', '+ 972 9 959 8555', '47625', 0, 'null'),
(484, 'C/ Romero, 33', 'Sevilla', 'Spain', 65700, 'José Pedro', 'Roel', '(95) 555 82 82', '41101', 1702, 'null'),
(486, '11328 Douglas Av.', 'Philadelphia', 'USA', 72600, 'Rosa', 'Salazar', '2155559857', '71270', 1323, 'PA'),
(487, '2793 Furth Circle', 'Brisbane', 'USA', 60300, 'Sue', 'Taylor', '4155554312', '94217', 1165, 'CA'),
(489, '120 Hanover Sq.', 'London', 'UK', 43300, 'Thomas', 'Smith', '(171) 555-7555', 'WA1 1DP', 1501, 'null'),
(495, '6251 Ingle Ln.', 'Boston', 'USA', 85100, 'Valarie', 'Franco', '6175552555', '51003', 1188, 'MA'),
(496, 'Arenales 1938 3\'A\'', 'Auckland', 'New Zealand', 110000, 'Tony', 'Snowden', '+64 9 5555500', 'null', 1612, 'null'),
(497, 'test', 'test', 'US', 12, 'Peter', 'Pan', '0911334477', NULL, 11, NULL);

-- --------------------------------------------------------

--
-- Table structure for table `employees`
--

CREATE TABLE `employees` (
  `id` bigint(20) NOT NULL,
  `email` varchar(255) DEFAULT NULL,
  `extension` varchar(255) DEFAULT NULL,
  `first_name` varchar(255) DEFAULT NULL,
  `job_title` varchar(255) DEFAULT NULL,
  `last_name` varchar(255) DEFAULT NULL,
  `office_code` varchar(255) DEFAULT NULL,
  `report_to` varchar(255) DEFAULT NULL
) ENGINE=InnoDB DEFAULT CHARSET=utf8;

--
-- Dumping data for table `employees`
--

INSERT INTO `employees` (`id`, `email`, `extension`, `first_name`, `job_title`, `last_name`, `office_code`, `report_to`) VALUES
(1002, 'dmurphy@classicmodelcars.com', 'x5800', 'Murphy', 'President', 'Diane', '1', '0'),
(1056, 'mpatterso@classicmodelcars.com', 'x4611', 'Patterson', 'VP Sales', 'Mary', '1', '1002'),
(1076, 'jfirrelli@classicmodelcars.com', 'x9273', 'Firrelli', 'VP Marketing', 'Jeff', '1', '1002'),
(1088, 'wpatterson@classicmodelcars.com', 'x4871', 'Patterson', 'Sales Manager (APAC)', 'William', '6', '1056'),
(1102, 'gbondur@classicmodelcars.com', 'x5408', 'Bondur', 'Sale Manager (EMEA)', 'Gerard', '4', '1056'),
(1143, 'abow@classicmodelcars.com', 'x5428', 'Bow', 'Sales Manager (NA)', 'Anthony', '1', '1056'),
(1165, 'ljennings@classicmodelcars.com', 'x3291', 'Jennings', 'Sales Rep', 'Leslie', '1', '1143'),
(1166, 'lthompson@classicmodelcars.com', 'x4065', 'Thompson', 'Sales Rep', 'Leslie', '1', '1143'),
(1188, 'jfirrejulie@classicmodelcars.com', 'x2173', 'Firrelli', 'Sales Rep', 'Julie', '2', '1143'),
(1216, 'spatterson@classicmodelcars.com', 'x4334', 'Patterson', 'Sales Rep', 'Steve', '2', '1143'),
(1286, 'ftseng@classicmodelcars.com', 'x2248', 'Tseng', 'Sales Rep', 'Foon Yue', '3', '1143'),
(1323, 'gvanauf@classicmodelcars.com', 'x4102', 'Vanauf', 'Sales Rep', 'George', '3', '1143'),
(1337, 'lbondur@classicmodelcars.com', 'x6493', 'Bondur', 'Sales Rep', 'Loui', '4', '1102'),
(1370, 'ghernande@classicmodelcars.com', 'x2028', 'Hernandez', 'Sales Rep', 'Gerard', '4', '1102'),
(1401, 'pcastillo@classicmodelcars.com', 'x2759', 'Castillo', 'Sales Rep', 'Pamela', '4', '1102'),
(1501, 'lbott@classicmodelcars.com', 'x2311', 'Bott', 'Sales Rep', 'Larry', '7', '1102'),
(1504, 'bjones@classicmodelcars.com', 'x102', 'Jones', 'Sales Rep', 'Barry', '7', '1102'),
(1611, 'afixter@classicmodelcars.com', 'x101', 'Fixter', 'Sales Rep', 'Andy', '6', '1088'),
(1612, 'pmarsh@classicmodelcars.com', 'x102', 'Marsh', 'Sales Rep', 'Peter', '6', '1088'),
(1619, 'tking@classicmodelcars.com', 'x103', 'King', 'Sales Rep', 'Tom', '6', '1088'),
(1621, 'mnishi@classicmodelcars.com', 'x101', 'Nishi', 'Sales Rep', 'Mami', '5', '1056'),
(1625, 'ykato@classicmodelcars.com', 'x102', 'Kato', 'Sales Rep', 'Yoshimi', '5', '1621'),
(1702, 'mgerard@classicmodelcars.com', 'x2312', 'Gerard', 'Sales Rep', 'Martin', '4', '1102');

-- --------------------------------------------------------

--
-- Table structure for table `offices`
--

CREATE TABLE `offices` (
  `id` bigint(20) NOT NULL,
  `address_line` varchar(255) DEFAULT NULL,
  `city` varchar(255) DEFAULT NULL,
  `country` varchar(255) DEFAULT NULL,
  `phone` varchar(255) DEFAULT NULL,
  `state` varchar(255) DEFAULT NULL,
  `territory` varchar(255) DEFAULT NULL
) ENGINE=InnoDB DEFAULT CHARSET=utf8;

--
-- Dumping data for table `offices`
--

INSERT INTO `offices` (`id`, `address_line`, `city`, `country`, `phone`, `state`, `territory`) VALUES
(1, '100 Market Street', 'San Francisco', 'CA', '+1 650 219 4782', 'Suite 300', 'USA'),
(2, '1550 Court Place', 'Boston', 'MA', '+1 215 837 0825', 'Suite 102', 'USA'),
(3, '523 East 53rd Street', 'NYC', 'NY', '+1 212 555 3000', 'apt. 5A', 'USA'),
(4, '43 Rue Jouffroy D\'abbans', 'Paris', 'null', '+33 14 723 4404', 'null', 'France'),
(5, '4-1 Kioicho', 'Tokyo', 'Chiyoda-Ku', '+81 33 224 5000', 'null', 'Japan'),
(6, '5-11 Wentworth Avenue', 'Sydney', 'null', '+61 2 9264 2451', 'Floor #2', 'Australia'),
(7, '25 Old Broad Street', 'London', 'null', '+44 20 7877 2041', 'Level 7', 'UK');

-- --------------------------------------------------------

--
-- Table structure for table `orders`
--

CREATE TABLE `orders` (
  `id` bigint(20) NOT NULL,
  `comments` varchar(255) DEFAULT NULL,
  `order_date` datetime DEFAULT NULL,
  `required_date` datetime DEFAULT NULL,
  `shipped_date` datetime DEFAULT NULL,
  `status` varchar(255) DEFAULT NULL,
  `customer_id` bigint(20) DEFAULT NULL
) ENGINE=InnoDB DEFAULT CHARSET=utf8;

--
-- Dumping data for table `orders`
--

INSERT INTO `orders` (`id`, `comments`, `order_date`, `required_date`, `shipped_date`, `status`, `customer_id`) VALUES
(10100, 'null', '2003-01-06 00:00:00', '2003-01-13 00:00:00', '0000-00-00 00:00:00', 'Shipped', 363),
(10101, 'Check on availability.', '2003-01-09 00:00:00', '2003-01-18 00:00:00', '0000-00-00 00:00:00', 'Shipped', 128),
(10102, 'null', '2003-01-10 00:00:00', '2003-01-18 00:00:00', '0000-00-00 00:00:00', 'Shipped', 181),
(10103, 'null', '2003-01-29 00:00:00', '2003-02-07 00:00:00', '0000-00-00 00:00:00', 'Shipped', 121),
(10104, 'null', '2003-01-31 00:00:00', '2003-02-09 00:00:00', '0000-00-00 00:00:00', 'Shipped', 141),
(10105, 'null', '2003-02-11 00:00:00', '2003-02-21 00:00:00', '0000-00-00 00:00:00', 'Shipped', 145),
(10106, 'null', '2003-02-17 00:00:00', '2003-02-24 00:00:00', '0000-00-00 00:00:00', 'Shipped', 278),
(10107, 'Difficult to negotiate with customer. We need more marketing materials', '2003-02-24 00:00:00', '2003-03-03 00:00:00', '0000-00-00 00:00:00', 'Shipped', 131),
(10108, 'null', '2003-03-03 00:00:00', '2003-03-12 00:00:00', '0000-00-00 00:00:00', 'Shipped', 385),
(10109, 'Customer requested that FedEx Ground is used for this shipping', '2003-03-10 00:00:00', '2003-03-19 00:00:00', '0000-00-00 00:00:00', 'Shipped', 486),
(10110, 'null', '2003-03-18 00:00:00', '2003-03-24 00:00:00', '0000-00-00 00:00:00', 'Shipped', 187),
(10111, 'null', '2003-03-25 00:00:00', '2003-03-31 00:00:00', '0000-00-00 00:00:00', 'Shipped', 129),
(10112, 'Customer requested that ad materials (such as posters, pamphlets) be included in the shippment', '2003-03-24 00:00:00', '2003-04-03 00:00:00', '0000-00-00 00:00:00', 'Shipped', 144),
(10113, 'null', '2003-03-26 00:00:00', '2003-04-02 00:00:00', '0000-00-00 00:00:00', 'Shipped', 124),
(10114, 'null', '2003-04-01 00:00:00', '2003-04-07 00:00:00', '0000-00-00 00:00:00', 'Shipped', 172),
(10115, 'null', '2003-04-04 00:00:00', '2003-04-12 00:00:00', '0000-00-00 00:00:00', 'Shipped', 424),
(10116, 'null', '2003-04-11 00:00:00', '2003-04-19 00:00:00', '0000-00-00 00:00:00', 'Shipped', 381),
(10117, 'null', '2003-04-16 00:00:00', '2003-04-24 00:00:00', '0000-00-00 00:00:00', 'Shipped', 148),
(10118, 'Customer has worked with some of our vendors in the past and is aware of their MSRP', '2003-04-21 00:00:00', '2003-04-29 00:00:00', '0000-00-00 00:00:00', 'Shipped', 216),
(10119, 'null', '2003-04-28 00:00:00', '2003-05-05 00:00:00', '0000-00-00 00:00:00', 'Shipped', 382),
(10120, 'null', '2003-04-29 00:00:00', '2003-05-08 00:00:00', '0000-00-00 00:00:00', 'Shipped', 114),
(10121, 'null', '2003-05-07 00:00:00', '2003-05-13 00:00:00', '0000-00-00 00:00:00', 'Shipped', 353),
(10122, 'null', '2003-05-08 00:00:00', '2003-05-16 00:00:00', '0000-00-00 00:00:00', 'Shipped', 350),
(10123, 'null', '2003-05-20 00:00:00', '2003-05-29 00:00:00', '0000-00-00 00:00:00', 'Shipped', 103),
(10124, 'Customer very concerned about the exact color of the models. There is high risk that he may dispute the order because there is a slight color mismatch', '2003-05-21 00:00:00', '2003-05-29 00:00:00', '0000-00-00 00:00:00', 'Shipped', 112),
(10125, 'null', '2003-05-21 00:00:00', '2003-05-27 00:00:00', '0000-00-00 00:00:00', 'Shipped', 114),
(10126, 'null', '2003-05-28 00:00:00', '2003-06-07 00:00:00', '0000-00-00 00:00:00', 'Shipped', 458),
(10127, 'Customer requested special shippment. The instructions were passed along to the warehouse', '2003-06-03 00:00:00', '2003-06-09 00:00:00', '0000-00-00 00:00:00', 'Shipped', 151),
(10128, 'null', '2003-06-06 00:00:00', '2003-06-12 00:00:00', '0000-00-00 00:00:00', 'Shipped', 141),
(10129, 'null', '2003-06-12 00:00:00', '2003-06-18 00:00:00', '0000-00-00 00:00:00', 'Shipped', 324),
(10130, 'null', '2003-06-16 00:00:00', '2003-06-24 00:00:00', '0000-00-00 00:00:00', 'Shipped', 198),
(10131, 'null', '2003-06-16 00:00:00', '2003-06-25 00:00:00', '0000-00-00 00:00:00', 'Shipped', 447),
(10132, 'null', '2003-06-25 00:00:00', '2003-07-01 00:00:00', '0000-00-00 00:00:00', 'Shipped', 323),
(10133, 'null', '2003-06-27 00:00:00', '2003-07-04 00:00:00', '0000-00-00 00:00:00', 'Shipped', 141),
(10134, 'null', '2003-07-01 00:00:00', '2003-07-10 00:00:00', '0000-00-00 00:00:00', 'Shipped', 250),
(10135, 'null', '2003-07-02 00:00:00', '2003-07-12 00:00:00', '0000-00-00 00:00:00', 'Shipped', 124),
(10136, 'Customer is interested in buying more Ferrari models', '2003-07-04 00:00:00', '2003-07-14 00:00:00', '0000-00-00 00:00:00', 'Shipped', 242),
(10137, 'null', '2003-07-10 00:00:00', '2003-07-20 00:00:00', '0000-00-00 00:00:00', 'Shipped', 353),
(10138, 'null', '2003-07-07 00:00:00', '2003-07-16 00:00:00', '0000-00-00 00:00:00', 'Shipped', 496),
(10139, 'null', '2003-07-16 00:00:00', '2003-07-23 00:00:00', '0000-00-00 00:00:00', 'Shipped', 282),
(10140, 'null', '2003-07-24 00:00:00', '2003-08-02 00:00:00', '0000-00-00 00:00:00', 'Shipped', 161),
(10141, 'null', '2003-08-01 00:00:00', '2003-08-09 00:00:00', '0000-00-00 00:00:00', 'Shipped', 334),
(10142, 'null', '2003-08-08 00:00:00', '2003-08-16 00:00:00', '0000-00-00 00:00:00', 'Shipped', 124),
(10143, 'Can we deliver the new Ford Mustang models by end-of-quarter?', '2003-08-10 00:00:00', '2003-08-18 00:00:00', '0000-00-00 00:00:00', 'Shipped', 320),
(10144, 'null', '2003-08-13 00:00:00', '2003-08-21 00:00:00', '0000-00-00 00:00:00', 'Shipped', 381),
(10145, 'null', '2003-08-25 00:00:00', '2003-09-02 00:00:00', '0000-00-00 00:00:00', 'Shipped', 205),
(10146, 'null', '2003-09-03 00:00:00', '2003-09-13 00:00:00', '0000-00-00 00:00:00', 'Shipped', 447),
(10147, 'null', '2003-09-05 00:00:00', '2003-09-12 00:00:00', '0000-00-00 00:00:00', 'Shipped', 379),
(10148, 'They want to reevaluate their terms agreement with Finance.', '2003-09-11 00:00:00', '2003-09-21 00:00:00', '0000-00-00 00:00:00', 'Shipped', 276),
(10149, 'null', '2003-09-12 00:00:00', '2003-09-18 00:00:00', '0000-00-00 00:00:00', 'Shipped', 487),
(10150, 'They want to reevaluate their terms agreement with Finance.', '2003-09-19 00:00:00', '2003-09-27 00:00:00', '0000-00-00 00:00:00', 'Shipped', 148),
(10151, 'null', '2003-09-21 00:00:00', '2003-09-30 00:00:00', '0000-00-00 00:00:00', 'Shipped', 311),
(10152, 'null', '2003-09-25 00:00:00', '2003-10-03 00:00:00', '0000-00-00 00:00:00', 'Shipped', 333),
(10153, 'null', '2003-09-28 00:00:00', '2003-10-05 00:00:00', '0000-00-00 00:00:00', 'Shipped', 141),
(10154, 'null', '2003-10-02 00:00:00', '2003-10-12 00:00:00', '0000-00-00 00:00:00', 'Shipped', 219),
(10155, 'null', '2003-10-06 00:00:00', '2003-10-13 00:00:00', '0000-00-00 00:00:00', 'Shipped', 186),
(10156, 'null', '2003-10-08 00:00:00', '2003-10-17 00:00:00', '0000-00-00 00:00:00', 'Shipped', 141),
(10157, 'null', '2003-10-09 00:00:00', '2003-10-15 00:00:00', '0000-00-00 00:00:00', 'Shipped', 473),
(10158, 'null', '2003-10-10 00:00:00', '2003-10-18 00:00:00', '0000-00-00 00:00:00', 'Shipped', 121),
(10159, 'null', '2003-10-10 00:00:00', '2003-10-19 00:00:00', '0000-00-00 00:00:00', 'Shipped', 321),
(10160, 'null', '2003-10-11 00:00:00', '2003-10-17 00:00:00', '0000-00-00 00:00:00', 'Shipped', 347),
(10161, 'null', '2003-10-17 00:00:00', '2003-10-25 00:00:00', '0000-00-00 00:00:00', 'Shipped', 227),
(10162, 'null', '2003-10-18 00:00:00', '2003-10-26 00:00:00', '0000-00-00 00:00:00', 'Shipped', 321),
(10163, 'null', '2003-10-20 00:00:00', '2003-10-27 00:00:00', '0000-00-00 00:00:00', 'Shipped', 424),
(10164, 'This order was disputed, but resolved on 11/1/2003; Customer doesn\'t like the colors and precision of the models.', '2003-10-21 00:00:00', '2003-10-30 00:00:00', '0000-00-00 00:00:00', 'Resolved', 452),
(10165, 'This order was on hold because customers\'s credit limit had been exceeded. Order will ship when payment is received', '2003-10-22 00:00:00', '2003-10-31 00:00:00', '0000-00-00 00:00:00', 'Shipped', 148),
(10166, 'null', '2003-10-21 00:00:00', '2003-10-30 00:00:00', '0000-00-00 00:00:00', 'Shipped', 462),
(10167, 'Customer called to cancel. The warehouse was notified in time and the order didn\'t ship. They have a new VP of Sales and are shifting their sales model. Our VP of Sales should contact them.', '2003-10-23 00:00:00', '2003-10-30 00:00:00', '0000-00-00 00:00:00', 'Cancelled', 448),
(10168, 'null', '2003-10-28 00:00:00', '2003-11-03 00:00:00', '0000-00-00 00:00:00', 'Shipped', 161),
(10169, 'null', '2003-11-04 00:00:00', '2003-11-14 00:00:00', '0000-00-00 00:00:00', 'Shipped', 276),
(10170, 'null', '2003-11-04 00:00:00', '2003-11-12 00:00:00', '0000-00-00 00:00:00', 'Shipped', 452),
(10171, 'null', '2003-11-05 00:00:00', '2003-11-13 00:00:00', '0000-00-00 00:00:00', 'Shipped', 233),
(10172, 'null', '2003-11-05 00:00:00', '2003-11-14 00:00:00', '0000-00-00 00:00:00', 'Shipped', 175),
(10173, 'Cautious optimism. We have happy customers here, if we can keep them well stocked. I need all the information I can get on the planned shippments of Porches', '2003-11-05 00:00:00', '2003-11-15 00:00:00', '0000-00-00 00:00:00', 'Shipped', 278),
(10174, 'null', '2003-11-06 00:00:00', '2003-11-15 00:00:00', '0000-00-00 00:00:00', 'Shipped', 333),
(10175, 'null', '2003-11-06 00:00:00', '2003-11-14 00:00:00', '0000-00-00 00:00:00', 'Shipped', 324),
(10176, 'null', '2003-11-06 00:00:00', '2003-11-15 00:00:00', '0000-00-00 00:00:00', 'Shipped', 386),
(10177, 'null', '2003-11-07 00:00:00', '2003-11-17 00:00:00', '0000-00-00 00:00:00', 'Shipped', 344),
(10178, 'Custom shipping instructions sent to warehouse', '2003-11-08 00:00:00', '2003-11-16 00:00:00', '0000-00-00 00:00:00', 'Shipped', 242),
(10179, 'Customer cancelled due to urgent budgeting issues. Must be cautious when dealing with them in the future. Since order shipped already we must discuss who would cover the shipping charges.', '2003-11-11 00:00:00', '2003-11-17 00:00:00', '0000-00-00 00:00:00', 'Cancelled', 496),
(10180, 'null', '2003-11-11 00:00:00', '2003-11-19 00:00:00', '0000-00-00 00:00:00', 'Shipped', 171),
(10181, 'null', '2003-11-12 00:00:00', '2003-11-19 00:00:00', '0000-00-00 00:00:00', 'Shipped', 167),
(10182, 'null', '2003-11-12 00:00:00', '2003-11-21 00:00:00', '0000-00-00 00:00:00', 'Shipped', 124),
(10183, 'We need to keep in close contact with their Marketing VP. He is the decision maker for all their purchases.', '2003-11-13 00:00:00', '2003-11-22 00:00:00', '0000-00-00 00:00:00', 'Shipped', 339),
(10184, 'null', '2003-11-14 00:00:00', '2003-11-22 00:00:00', '0000-00-00 00:00:00', 'Shipped', 484),
(10185, 'null', '2003-11-14 00:00:00', '2003-11-21 00:00:00', '0000-00-00 00:00:00', 'Shipped', 320),
(10186, 'They want to reevaluate their terms agreement with the VP of Sales', '2003-11-14 00:00:00', '2003-11-20 00:00:00', '0000-00-00 00:00:00', 'Shipped', 489),
(10187, 'null', '2003-11-15 00:00:00', '2003-11-24 00:00:00', '0000-00-00 00:00:00', 'Shipped', 211),
(10188, 'null', '2003-11-18 00:00:00', '2003-11-26 00:00:00', '0000-00-00 00:00:00', 'Shipped', 167),
(10189, 'They want to reevaluate their terms agreement with Finance.', '2003-11-18 00:00:00', '2003-11-25 00:00:00', '0000-00-00 00:00:00', 'Shipped', 205),
(10190, 'null', '2003-11-19 00:00:00', '2003-11-29 00:00:00', '0000-00-00 00:00:00', 'Shipped', 141),
(10191, 'We must be cautions with this customer. Their VP of Sales resigned. Company may be heading down.', '2003-11-20 00:00:00', '2003-11-30 00:00:00', '0000-00-00 00:00:00', 'Shipped', 259),
(10192, 'null', '2003-11-20 00:00:00', '2003-11-29 00:00:00', '0000-00-00 00:00:00', 'Shipped', 363),
(10193, 'null', '2003-11-21 00:00:00', '2003-11-28 00:00:00', '0000-00-00 00:00:00', 'Shipped', 471),
(10194, 'null', '2003-11-25 00:00:00', '2003-12-02 00:00:00', '0000-00-00 00:00:00', 'Shipped', 146),
(10195, 'null', '2003-11-25 00:00:00', '2003-12-01 00:00:00', '0000-00-00 00:00:00', 'Shipped', 319),
(10196, 'null', '2003-11-26 00:00:00', '2003-12-03 00:00:00', '0000-00-00 00:00:00', 'Shipped', 455),
(10197, 'Customer inquired about remote controlled models and gold models.', '2003-11-26 00:00:00', '2003-12-02 00:00:00', '0000-00-00 00:00:00', 'Shipped', 216),
(10198, 'null', '2003-11-27 00:00:00', '2003-12-06 00:00:00', '0000-00-00 00:00:00', 'Shipped', 385),
(10199, 'null', '2003-12-01 00:00:00', '2003-12-10 00:00:00', '0000-00-00 00:00:00', 'Shipped', 475),
(10200, 'null', '2003-12-01 00:00:00', '2003-12-09 00:00:00', '0000-00-00 00:00:00', 'Shipped', 211),
(10201, 'null', '2003-12-01 00:00:00', '2003-12-11 00:00:00', '0000-00-00 00:00:00', 'Shipped', 129),
(10202, 'null', '2003-12-02 00:00:00', '2003-12-09 00:00:00', '0000-00-00 00:00:00', 'Shipped', 357),
(10203, 'null', '2003-12-02 00:00:00', '2003-12-11 00:00:00', '0000-00-00 00:00:00', 'Shipped', 141),
(10204, 'null', '2003-12-02 00:00:00', '2003-12-10 00:00:00', '0000-00-00 00:00:00', 'Shipped', 151),
(10205, 'I need all the information I can get on our competitors.', '2003-12-03 00:00:00', '2003-12-09 00:00:00', '0000-00-00 00:00:00', 'Shipped', 141),
(10206, 'Can we renegotiate this one?', '2003-12-05 00:00:00', '2003-12-13 00:00:00', '0000-00-00 00:00:00', 'Shipped', 202),
(10207, 'Check on availability.', '2003-12-09 00:00:00', '2003-12-17 00:00:00', '0000-00-00 00:00:00', 'Shipped', 495),
(10208, 'null', '2004-01-02 00:00:00', '2004-01-11 00:00:00', '0000-00-00 00:00:00', 'Shipped', 146),
(10209, 'null', '2004-01-09 00:00:00', '2004-01-15 00:00:00', '0000-00-00 00:00:00', 'Shipped', 347),
(10210, 'null', '2004-01-12 00:00:00', '2004-01-22 00:00:00', '0000-00-00 00:00:00', 'Shipped', 177),
(10211, 'null', '2004-01-15 00:00:00', '2004-01-25 00:00:00', '0000-00-00 00:00:00', 'Shipped', 406),
(10212, 'null', '2004-01-16 00:00:00', '2004-01-24 00:00:00', '0000-00-00 00:00:00', 'Shipped', 141),
(10213, 'Difficult to negotiate with customer. We need more marketing materials', '2004-01-22 00:00:00', '2004-01-28 00:00:00', '0000-00-00 00:00:00', 'Shipped', 489),
(10214, 'null', '2004-01-26 00:00:00', '2004-02-04 00:00:00', '0000-00-00 00:00:00', 'Shipped', 458),
(10215, 'Customer requested that FedEx Ground is used for this shipping', '2004-01-29 00:00:00', '2004-02-08 00:00:00', '0000-00-00 00:00:00', 'Shipped', 475),
(10216, 'null', '2004-02-02 00:00:00', '2004-02-10 00:00:00', '0000-00-00 00:00:00', 'Shipped', 256),
(10217, 'null', '2004-02-04 00:00:00', '2004-02-14 00:00:00', '0000-00-00 00:00:00', 'Shipped', 166),
(10218, 'Customer requested that ad materials (such as posters, pamphlets) be included in the shippment', '2004-02-09 00:00:00', '2004-02-16 00:00:00', '0000-00-00 00:00:00', 'Shipped', 473),
(10219, 'null', '2004-02-10 00:00:00', '2004-02-17 00:00:00', '0000-00-00 00:00:00', 'Shipped', 487),
(10220, 'null', '2004-02-12 00:00:00', '2004-02-19 00:00:00', '0000-00-00 00:00:00', 'Shipped', 189),
(10221, 'null', '2004-02-18 00:00:00', '2004-02-26 00:00:00', '0000-00-00 00:00:00', 'Shipped', 314),
(10222, 'null', '2004-02-19 00:00:00', '2004-02-27 00:00:00', '0000-00-00 00:00:00', 'Shipped', 239),
(10223, 'null', '2004-02-20 00:00:00', '2004-02-29 00:00:00', '0000-00-00 00:00:00', 'Shipped', 114),
(10224, 'Customer has worked with some of our vendors in the past and is aware of their MSRP', '2004-02-21 00:00:00', '2004-03-02 00:00:00', '0000-00-00 00:00:00', 'Shipped', 171),
(10225, 'null', '2004-02-22 00:00:00', '2004-03-01 00:00:00', '0000-00-00 00:00:00', 'Shipped', 298),
(10226, 'null', '2004-02-26 00:00:00', '2004-03-06 00:00:00', '0000-00-00 00:00:00', 'Shipped', 239),
(10227, 'null', '2004-03-02 00:00:00', '2004-03-12 00:00:00', '0000-00-00 00:00:00', 'Shipped', 146),
(10228, 'null', '2004-03-10 00:00:00', '2004-03-18 00:00:00', '0000-00-00 00:00:00', 'Shipped', 173),
(10229, 'null', '2004-03-11 00:00:00', '2004-03-20 00:00:00', '0000-00-00 00:00:00', 'Shipped', 124),
(10230, 'Customer very concerned about the exact color of the models. There is high risk that he may dispute the order because there is a slight color mismatch', '2004-03-15 00:00:00', '2004-03-24 00:00:00', '0000-00-00 00:00:00', 'Shipped', 128),
(10231, 'null', '2004-03-19 00:00:00', '2004-03-26 00:00:00', '0000-00-00 00:00:00', 'Shipped', 344),
(10232, 'null', '2004-03-20 00:00:00', '2004-03-30 00:00:00', '0000-00-00 00:00:00', 'Shipped', 240),
(10233, 'Customer requested special shippment. The instructions were passed along to the warehouse', '2004-03-29 00:00:00', '2004-04-04 00:00:00', '0000-00-00 00:00:00', 'Shipped', 328),
(10234, 'null', '2004-03-30 00:00:00', '2004-04-05 00:00:00', '0000-00-00 00:00:00', 'Shipped', 412),
(10235, 'null', '2004-04-02 00:00:00', '2004-04-12 00:00:00', '0000-00-00 00:00:00', 'Shipped', 260),
(10236, 'null', '2004-04-03 00:00:00', '2004-04-11 00:00:00', '0000-00-00 00:00:00', 'Shipped', 486),
(10237, 'null', '2004-04-05 00:00:00', '2004-04-12 00:00:00', '0000-00-00 00:00:00', 'Shipped', 181),
(10238, 'null', '2004-04-09 00:00:00', '2004-04-16 00:00:00', '0000-00-00 00:00:00', 'Shipped', 145),
(10239, 'null', '2004-04-12 00:00:00', '2004-04-21 00:00:00', '0000-00-00 00:00:00', 'Shipped', 311),
(10240, 'null', '2004-04-13 00:00:00', '2004-04-20 00:00:00', '0000-00-00 00:00:00', 'Shipped', 177),
(10241, 'null', '2004-04-13 00:00:00', '2004-04-20 00:00:00', '0000-00-00 00:00:00', 'Shipped', 209),
(10242, 'Customer is interested in buying more Ferrari models', '2004-04-20 00:00:00', '2004-04-28 00:00:00', '0000-00-00 00:00:00', 'Shipped', 456),
(10243, 'null', '2004-04-26 00:00:00', '2004-05-03 00:00:00', '0000-00-00 00:00:00', 'Shipped', 495),
(10244, 'null', '2004-04-29 00:00:00', '2004-05-09 00:00:00', '0000-00-00 00:00:00', 'Shipped', 141),
(10245, 'null', '2004-05-04 00:00:00', '2004-05-12 00:00:00', '0000-00-00 00:00:00', 'Shipped', 455),
(10246, 'null', '2004-05-05 00:00:00', '2004-05-13 00:00:00', '0000-00-00 00:00:00', 'Shipped', 141),
(10247, 'null', '2004-05-05 00:00:00', '2004-05-11 00:00:00', '0000-00-00 00:00:00', 'Shipped', 334),
(10248, 'Order was mistakenly placed. The warehouse noticed the lack of documentation.', '2004-05-07 00:00:00', '2004-05-14 00:00:00', '0000-00-00 00:00:00', 'Cancelled', 131),
(10249, 'Can we deliver the new Ford Mustang models by end-of-quarter?', '2004-05-08 00:00:00', '2004-05-17 00:00:00', '0000-00-00 00:00:00', 'Shipped', 173),
(10250, 'null', '2004-05-11 00:00:00', '2004-05-19 00:00:00', '0000-00-00 00:00:00', 'Shipped', 450),
(10251, 'null', '2004-05-18 00:00:00', '2004-05-24 00:00:00', '0000-00-00 00:00:00', 'Shipped', 328),
(10252, 'null', '2004-05-26 00:00:00', '2004-06-04 00:00:00', '0000-00-00 00:00:00', 'Shipped', 406),
(10253, 'Customer disputed the order and we agreed to cancel it. We must be more cautions with this customer going forward, since they are very hard to please. We must cover the shipping fees.', '2004-06-01 00:00:00', '2004-06-09 00:00:00', '0000-00-00 00:00:00', 'Cancelled', 201),
(10254, 'Customer requested that DHL is used for this shipping', '2004-06-03 00:00:00', '2004-06-13 00:00:00', '0000-00-00 00:00:00', 'Shipped', 323),
(10255, 'null', '2004-06-04 00:00:00', '2004-06-12 00:00:00', '0000-00-00 00:00:00', 'Shipped', 209),
(10256, 'null', '2004-06-08 00:00:00', '2004-06-16 00:00:00', '0000-00-00 00:00:00', 'Shipped', 145),
(10257, 'null', '2004-06-14 00:00:00', '2004-06-24 00:00:00', '0000-00-00 00:00:00', 'Shipped', 450),
(10258, 'null', '2004-06-15 00:00:00', '2004-06-25 00:00:00', '0000-00-00 00:00:00', 'Shipped', 398),
(10259, 'null', '2004-06-15 00:00:00', '2004-06-22 00:00:00', '0000-00-00 00:00:00', 'Shipped', 166),
(10260, 'Customer heard complaints from their customers and called to cancel this order. Will notify the Sales Manager.', '2004-06-16 00:00:00', '2004-06-22 00:00:00', '0000-00-00 00:00:00', 'Cancelled', 357),
(10261, 'null', '2004-06-17 00:00:00', '2004-06-25 00:00:00', '0000-00-00 00:00:00', 'Shipped', 233),
(10262, 'This customer found a better offer from one of our competitors. Will call back to renegotiate.', '2004-06-24 00:00:00', '2004-07-01 00:00:00', '0000-00-00 00:00:00', 'Cancelled', 141),
(10263, 'null', '2004-06-28 00:00:00', '2004-07-04 00:00:00', '0000-00-00 00:00:00', 'Shipped', 175),
(10264, 'Customer will send a truck to our local warehouse on 7/1/2004', '2004-06-30 00:00:00', '2004-07-06 00:00:00', '0000-00-00 00:00:00', 'Shipped', 362),
(10265, 'null', '2004-07-02 00:00:00', '2004-07-09 00:00:00', '0000-00-00 00:00:00', 'Shipped', 471),
(10266, 'null', '2004-07-06 00:00:00', '2004-07-14 00:00:00', '0000-00-00 00:00:00', 'Shipped', 386),
(10267, 'null', '2004-07-07 00:00:00', '2004-07-17 00:00:00', '0000-00-00 00:00:00', 'Shipped', 151),
(10268, 'null', '2004-07-12 00:00:00', '2004-07-18 00:00:00', '0000-00-00 00:00:00', 'Shipped', 412),
(10269, 'null', '2004-07-16 00:00:00', '2004-07-22 00:00:00', '0000-00-00 00:00:00', 'Shipped', 382),
(10270, 'Can we renegotiate this one?', '2004-07-19 00:00:00', '2004-07-27 00:00:00', '0000-00-00 00:00:00', 'Shipped', 282),
(10271, 'null', '2004-07-20 00:00:00', '2004-07-29 00:00:00', '0000-00-00 00:00:00', 'Shipped', 124),
(10272, 'null', '2004-07-20 00:00:00', '2004-07-26 00:00:00', '0000-00-00 00:00:00', 'Shipped', 157),
(10273, 'null', '2004-07-21 00:00:00', '2004-07-28 00:00:00', '0000-00-00 00:00:00', 'Shipped', 314),
(10274, 'null', '2004-07-21 00:00:00', '2004-07-29 00:00:00', '0000-00-00 00:00:00', 'Shipped', 379),
(10275, 'null', '2004-07-23 00:00:00', '2004-08-02 00:00:00', '0000-00-00 00:00:00', 'Shipped', 119),
(10276, 'null', '2004-08-02 00:00:00', '2004-08-11 00:00:00', '0000-00-00 00:00:00', 'Shipped', 204),
(10277, 'null', '2004-08-04 00:00:00', '2004-08-12 00:00:00', '0000-00-00 00:00:00', 'Shipped', 148),
(10278, 'null', '2004-08-06 00:00:00', '2004-08-16 00:00:00', '0000-00-00 00:00:00', 'Shipped', 112),
(10279, 'Cautious optimism. We have happy customers here, if we can keep them well stocked. I need all the information I can get on the planned shippments of Porches', '2004-08-09 00:00:00', '2004-08-19 00:00:00', '0000-00-00 00:00:00', 'Shipped', 141),
(10280, 'null', '2004-08-17 00:00:00', '2004-08-27 00:00:00', '0000-00-00 00:00:00', 'Shipped', 249),
(10281, 'null', '2004-08-19 00:00:00', '2004-08-28 00:00:00', '0000-00-00 00:00:00', 'Shipped', 157),
(10282, 'null', '2004-08-20 00:00:00', '2004-08-26 00:00:00', '0000-00-00 00:00:00', 'Shipped', 124),
(10283, 'null', '2004-08-20 00:00:00', '2004-08-30 00:00:00', '0000-00-00 00:00:00', 'Shipped', 260),
(10284, 'Custom shipping instructions sent to warehouse', '2004-08-21 00:00:00', '2004-08-29 00:00:00', '0000-00-00 00:00:00', 'Shipped', 299),
(10285, 'null', '2004-08-27 00:00:00', '2004-09-04 00:00:00', '0000-00-00 00:00:00', 'Shipped', 286),
(10286, 'null', '2004-08-28 00:00:00', '2004-09-06 00:00:00', '0000-00-00 00:00:00', 'Shipped', 172),
(10287, 'null', '2004-08-30 00:00:00', '2004-09-06 00:00:00', '0000-00-00 00:00:00', 'Shipped', 298),
(10288, 'null', '2004-09-01 00:00:00', '2004-09-11 00:00:00', '0000-00-00 00:00:00', 'Shipped', 166),
(10289, 'We need to keep in close contact with their Marketing VP. He is the decision maker for all their purchases.', '2004-09-03 00:00:00', '2004-09-13 00:00:00', '0000-00-00 00:00:00', 'Shipped', 167),
(10290, 'null', '2004-09-07 00:00:00', '2004-09-15 00:00:00', '0000-00-00 00:00:00', 'Shipped', 198),
(10291, 'null', '2004-09-08 00:00:00', '2004-09-17 00:00:00', '0000-00-00 00:00:00', 'Shipped', 448),
(10292, 'They want to reevaluate their terms agreement with Finance.', '2004-09-08 00:00:00', '2004-09-18 00:00:00', '0000-00-00 00:00:00', 'Shipped', 131),
(10293, 'null', '2004-09-09 00:00:00', '2004-09-18 00:00:00', '0000-00-00 00:00:00', 'Shipped', 249),
(10294, 'null', '2004-09-10 00:00:00', '2004-09-17 00:00:00', '0000-00-00 00:00:00', 'Shipped', 204),
(10295, 'They want to reevaluate their terms agreement with Finance.', '2004-09-10 00:00:00', '2004-09-17 00:00:00', '0000-00-00 00:00:00', 'Shipped', 362),
(10296, 'null', '2004-09-15 00:00:00', '2004-09-22 00:00:00', '0000-00-00 00:00:00', 'Shipped', 415),
(10297, 'We must be cautions with this customer. Their VP of Sales resigned. Company may be heading down.', '2004-09-16 00:00:00', '2004-09-22 00:00:00', '0000-00-00 00:00:00', 'Shipped', 189),
(10298, 'null', '2004-09-27 00:00:00', '2004-10-05 00:00:00', '0000-00-00 00:00:00', 'Shipped', 103),
(10299, 'null', '2004-09-30 00:00:00', '2004-10-10 00:00:00', '0000-00-00 00:00:00', 'Shipped', 186),
(10300, 'null', '2003-10-04 00:00:00', '2003-10-13 00:00:00', '0000-00-00 00:00:00', 'Shipped', 128),
(10301, 'null', '2003-10-05 00:00:00', '2003-10-15 00:00:00', '0000-00-00 00:00:00', 'Shipped', 299),
(10302, 'null', '2003-10-06 00:00:00', '2003-10-16 00:00:00', '0000-00-00 00:00:00', 'Shipped', 201),
(10303, 'Customer inquired about remote controlled models and gold models.', '2004-10-06 00:00:00', '2004-10-14 00:00:00', '0000-00-00 00:00:00', 'Shipped', 484),
(10304, 'null', '2004-10-11 00:00:00', '2004-10-20 00:00:00', '0000-00-00 00:00:00', 'Shipped', 256),
(10305, 'Check on availability.', '2004-10-13 00:00:00', '2004-10-22 00:00:00', '0000-00-00 00:00:00', 'Shipped', 286),
(10306, 'null', '2004-10-14 00:00:00', '2004-10-21 00:00:00', '0000-00-00 00:00:00', 'Shipped', 187),
(10307, 'null', '2004-10-14 00:00:00', '2004-10-23 00:00:00', '0000-00-00 00:00:00', 'Shipped', 339),
(10308, 'Customer requested that FedEx Ground is used for this shipping', '2004-10-15 00:00:00', '2004-10-24 00:00:00', '0000-00-00 00:00:00', 'Shipped', 319),
(10309, 'null', '2004-10-15 00:00:00', '2004-10-24 00:00:00', '0000-00-00 00:00:00', 'Shipped', 121),
(10310, 'null', '2004-10-16 00:00:00', '2004-10-24 00:00:00', '0000-00-00 00:00:00', 'Shipped', 259),
(10311, 'Difficult to negotiate with customer. We need more marketing materials', '2004-10-16 00:00:00', '2004-10-23 00:00:00', '0000-00-00 00:00:00', 'Shipped', 141),
(10312, 'null', '2004-10-21 00:00:00', '2004-10-27 00:00:00', '0000-00-00 00:00:00', 'Shipped', 124),
(10313, 'Customer requested that FedEx Ground is used for this shipping', '2004-10-22 00:00:00', '2004-10-28 00:00:00', '0000-00-00 00:00:00', 'Shipped', 202),
(10314, 'null', '2004-10-22 00:00:00', '2004-11-01 00:00:00', '0000-00-00 00:00:00', 'Shipped', 227),
(10315, 'null', '2004-10-29 00:00:00', '2004-11-08 00:00:00', '0000-00-00 00:00:00', 'Shipped', 119),
(10316, 'Customer requested that ad materials (such as posters, pamphlets) be included in the shippment', '2004-11-01 00:00:00', '2004-11-09 00:00:00', '0000-00-00 00:00:00', 'Shipped', 240),
(10317, 'null', '2004-11-02 00:00:00', '2004-11-12 00:00:00', '0000-00-00 00:00:00', 'Shipped', 161),
(10318, 'null', '2004-11-02 00:00:00', '2004-11-09 00:00:00', '0000-00-00 00:00:00', 'Shipped', 157),
(10319, 'Customer requested that DHL is used for this shipping', '2004-11-03 00:00:00', '2004-11-11 00:00:00', '0000-00-00 00:00:00', 'Shipped', 456),
(10320, 'null', '2004-11-03 00:00:00', '2004-11-13 00:00:00', '0000-00-00 00:00:00', 'Shipped', 144),
(10321, 'null', '2004-11-04 00:00:00', '2004-11-12 00:00:00', '0000-00-00 00:00:00', 'Shipped', 462),
(10322, 'Customer has worked with some of our vendors in the past and is aware of their MSRP', '2004-11-04 00:00:00', '2004-11-12 00:00:00', '0000-00-00 00:00:00', 'Shipped', 363),
(10323, 'null', '2004-11-05 00:00:00', '2004-11-12 00:00:00', '0000-00-00 00:00:00', 'Shipped', 128),
(10324, 'null', '2004-11-05 00:00:00', '2004-11-11 00:00:00', '0000-00-00 00:00:00', 'Shipped', 181),
(10325, 'null', '2004-11-05 00:00:00', '2004-11-13 00:00:00', '0000-00-00 00:00:00', 'Shipped', 121),
(10326, 'null', '2004-11-09 00:00:00', '2004-11-16 00:00:00', '0000-00-00 00:00:00', 'Shipped', 144),
(10327, 'Order was disputed and resolved on 12/1/04. The Sales Manager was involved. Customer claims the scales of the models don\'t match what was discussed.', '2004-11-10 00:00:00', '2004-11-19 00:00:00', '0000-00-00 00:00:00', 'Resolved', 145),
(10328, 'Customer very concerned about the exact color of the models. There is high risk that he may dispute the order because there is a slight color mismatch', '2004-11-12 00:00:00', '2004-11-21 00:00:00', '0000-00-00 00:00:00', 'Shipped', 278),
(10329, 'null', '2004-11-15 00:00:00', '2004-11-24 00:00:00', '0000-00-00 00:00:00', 'Shipped', 131),
(10330, 'null', '2004-11-16 00:00:00', '2004-11-25 00:00:00', '0000-00-00 00:00:00', 'Shipped', 385),
(10331, 'Customer requested special shippment. The instructions were passed along to the warehouse', '2004-11-17 00:00:00', '2004-11-23 00:00:00', '0000-00-00 00:00:00', 'Shipped', 486),
(10332, 'null', '2004-11-17 00:00:00', '2004-11-25 00:00:00', '0000-00-00 00:00:00', 'Shipped', 187),
(10333, 'null', '2004-11-18 00:00:00', '2004-11-27 00:00:00', '0000-00-00 00:00:00', 'Shipped', 129),
(10334, 'The outstaniding balance for this customer exceeds their credit limit. Order will be shipped when a payment is received.', '2004-11-19 00:00:00', '2004-11-28 00:00:00', '0000-00-00 00:00:00', 'On Hold', 144),
(10335, 'null', '2004-11-19 00:00:00', '2004-11-29 00:00:00', '0000-00-00 00:00:00', 'Shipped', 124),
(10336, 'Customer requested that DHL is used for this shipping', '2004-11-20 00:00:00', '2004-11-26 00:00:00', '0000-00-00 00:00:00', 'Shipped', 172),
(10337, 'null', '2004-11-21 00:00:00', '2004-11-30 00:00:00', '0000-00-00 00:00:00', 'Shipped', 424),
(10338, 'null', '2004-11-22 00:00:00', '2004-12-02 00:00:00', '0000-00-00 00:00:00', 'Shipped', 381),
(10339, 'null', '2004-11-23 00:00:00', '2004-11-30 00:00:00', '0000-00-00 00:00:00', 'Shipped', 398),
(10340, 'Customer is interested in buying more Ferrari models', '2004-11-24 00:00:00', '2004-12-01 00:00:00', '0000-00-00 00:00:00', 'Shipped', 216),
(10341, 'null', '2004-11-24 00:00:00', '2004-12-01 00:00:00', '0000-00-00 00:00:00', 'Shipped', 382),
(10342, 'null', '2004-11-24 00:00:00', '2004-12-01 00:00:00', '0000-00-00 00:00:00', 'Shipped', 114),
(10343, 'null', '2004-11-24 00:00:00', '2004-12-01 00:00:00', '0000-00-00 00:00:00', 'Shipped', 353),
(10344, 'null', '2004-11-25 00:00:00', '2004-12-02 00:00:00', '0000-00-00 00:00:00', 'Shipped', 350),
(10345, 'null', '2004-11-25 00:00:00', '2004-12-01 00:00:00', '0000-00-00 00:00:00', 'Shipped', 103),
(10346, 'null', '2004-11-29 00:00:00', '2004-12-05 00:00:00', '0000-00-00 00:00:00', 'Shipped', 112),
(10347, 'Can we deliver the new Ford Mustang models by end-of-quarter?', '2004-11-29 00:00:00', '2004-12-07 00:00:00', '0000-00-00 00:00:00', 'Shipped', 114),
(10348, 'null', '2004-11-01 00:00:00', '2004-11-08 00:00:00', '0000-00-00 00:00:00', 'Shipped', 458),
(10349, 'null', '2004-12-01 00:00:00', '2004-12-07 00:00:00', '0000-00-00 00:00:00', 'Shipped', 151),
(10350, 'null', '2004-12-02 00:00:00', '2004-12-08 00:00:00', '0000-00-00 00:00:00', 'Shipped', 141),
(10351, 'null', '2004-12-03 00:00:00', '2004-12-11 00:00:00', '0000-00-00 00:00:00', 'Shipped', 324),
(10352, 'null', '2004-12-03 00:00:00', '2004-12-12 00:00:00', '0000-00-00 00:00:00', 'Shipped', 198),
(10353, 'null', '2004-12-04 00:00:00', '2004-12-11 00:00:00', '0000-00-00 00:00:00', 'Shipped', 447),
(10354, 'null', '2004-12-04 00:00:00', '2004-12-10 00:00:00', '0000-00-00 00:00:00', 'Shipped', 323),
(10355, 'null', '2004-12-07 00:00:00', '2004-12-14 00:00:00', '0000-00-00 00:00:00', 'Shipped', 141),
(10356, 'null', '2004-12-09 00:00:00', '2004-12-15 00:00:00', '0000-00-00 00:00:00', 'Shipped', 250),
(10357, 'null', '2004-12-10 00:00:00', '2004-12-16 00:00:00', '0000-00-00 00:00:00', 'Shipped', 124),
(10358, 'Customer requested that DHL is used for this shipping', '2004-12-10 00:00:00', '2004-12-16 00:00:00', '0000-00-00 00:00:00', 'Shipped', 141),
(10359, 'null', '2004-12-15 00:00:00', '2004-12-23 00:00:00', '0000-00-00 00:00:00', 'Shipped', 353),
(10360, 'null', '2004-12-16 00:00:00', '2004-12-22 00:00:00', '0000-00-00 00:00:00', 'Shipped', 496),
(10361, 'null', '2004-12-17 00:00:00', '2004-12-24 00:00:00', '0000-00-00 00:00:00', 'Shipped', 282),
(10362, 'null', '2005-01-05 00:00:00', '2005-01-16 00:00:00', '0000-00-00 00:00:00', 'Shipped', 161),
(10363, 'null', '2005-01-06 00:00:00', '2005-01-12 00:00:00', '0000-00-00 00:00:00', 'Shipped', 334),
(10364, 'null', '2005-01-06 00:00:00', '2005-01-17 00:00:00', '0000-00-00 00:00:00', 'Shipped', 350),
(10365, 'null', '2005-01-07 00:00:00', '2005-01-18 00:00:00', '0000-00-00 00:00:00', 'Shipped', 320),
(10366, 'null', '2005-01-10 00:00:00', '2005-01-19 00:00:00', '0000-00-00 00:00:00', 'Shipped', 381),
(10367, 'This order was disputed and resolved on 2/1/2005. Customer claimed that container with shipment was damaged. FedEx\'s investigation proved this wrong.', '2005-01-12 00:00:00', '2005-01-21 00:00:00', '0000-00-00 00:00:00', 'Resolved', 205),
(10368, 'Can we renegotiate this one?', '2005-01-19 00:00:00', '2005-01-27 00:00:00', '0000-00-00 00:00:00', 'Shipped', 124),
(10369, 'null', '2005-01-20 00:00:00', '2005-01-28 00:00:00', '0000-00-00 00:00:00', 'Shipped', 379),
(10370, 'null', '2005-01-20 00:00:00', '2005-02-01 00:00:00', '0000-00-00 00:00:00', 'Shipped', 276),
(10371, 'null', '2005-01-23 00:00:00', '2005-02-03 00:00:00', '0000-00-00 00:00:00', 'Shipped', 124),
(10372, 'null', '2005-01-26 00:00:00', '2005-02-05 00:00:00', '0000-00-00 00:00:00', 'Shipped', 398),
(10373, 'null', '2005-01-31 00:00:00', '2005-02-08 00:00:00', '0000-00-00 00:00:00', 'Shipped', 311),
(10374, 'null', '2005-02-02 00:00:00', '2005-02-09 00:00:00', '0000-00-00 00:00:00', 'Shipped', 333),
(10375, 'null', '2005-02-03 00:00:00', '2005-02-10 00:00:00', '0000-00-00 00:00:00', 'Shipped', 119),
(10376, 'null', '2005-02-08 00:00:00', '2005-02-18 00:00:00', '0000-00-00 00:00:00', 'Shipped', 219),
(10377, 'Cautious optimism. We have happy customers here, if we can keep them well stocked. I need all the information I can get on the planned shippments of Porches', '2005-02-09 00:00:00', '2005-02-21 00:00:00', '0000-00-00 00:00:00', 'Shipped', 186),
(10378, 'null', '2005-02-10 00:00:00', '2005-02-18 00:00:00', '0000-00-00 00:00:00', 'Shipped', 141),
(10379, 'null', '2005-02-10 00:00:00', '2005-02-18 00:00:00', '0000-00-00 00:00:00', 'Shipped', 141),
(10380, 'null', '2005-02-16 00:00:00', '2005-02-24 00:00:00', '0000-00-00 00:00:00', 'Shipped', 141),
(10381, 'null', '2005-02-17 00:00:00', '2005-02-25 00:00:00', '0000-00-00 00:00:00', 'Shipped', 321),
(10382, 'Custom shipping instructions sent to warehouse', '2005-02-17 00:00:00', '2005-02-23 00:00:00', '0000-00-00 00:00:00', 'Shipped', 124),
(10383, 'null', '2005-02-22 00:00:00', '2005-03-02 00:00:00', '0000-00-00 00:00:00', 'Shipped', 141),
(10384, 'null', '2005-02-23 00:00:00', '2005-03-06 00:00:00', '0000-00-00 00:00:00', 'Shipped', 321),
(10385, 'null', '2005-02-28 00:00:00', '2005-03-09 00:00:00', '0000-00-00 00:00:00', 'Shipped', 124),
(10386, 'Disputed then Resolved on 3/15/2005. Customer doesn\'t like the craftsmaship of the models.', '2005-03-01 00:00:00', '2005-03-09 00:00:00', '0000-00-00 00:00:00', 'Resolved', 141),
(10387, 'We need to keep in close contact with their Marketing VP. He is the decision maker for all their purchases.', '2005-03-02 00:00:00', '2005-03-09 00:00:00', '0000-00-00 00:00:00', 'Shipped', 148),
(10388, 'null', '2005-03-03 00:00:00', '2005-03-11 00:00:00', '0000-00-00 00:00:00', 'Shipped', 462),
(10389, 'null', '2005-03-03 00:00:00', '2005-03-09 00:00:00', '0000-00-00 00:00:00', 'Shipped', 448),
(10390, 'They want to reevaluate their terms agreement with Finance.', '2005-03-04 00:00:00', '2005-03-11 00:00:00', '0000-00-00 00:00:00', 'Shipped', 124),
(10391, 'null', '2005-03-09 00:00:00', '2005-03-20 00:00:00', '0000-00-00 00:00:00', 'Shipped', 276),
(10392, 'null', '2005-03-10 00:00:00', '2005-03-18 00:00:00', '0000-00-00 00:00:00', 'Shipped', 452),
(10393, 'They want to reevaluate their terms agreement with Finance.', '2005-03-11 00:00:00', '2005-03-22 00:00:00', '0000-00-00 00:00:00', 'Shipped', 323),
(10394, 'null', '2005-03-15 00:00:00', '2005-03-25 00:00:00', '0000-00-00 00:00:00', 'Shipped', 141),
(10395, 'We must be cautions with this customer. Their VP of Sales resigned. Company may be heading down.', '2005-03-17 00:00:00', '2005-03-24 00:00:00', '0000-00-00 00:00:00', 'Shipped', 250),
(10396, 'null', '2005-03-23 00:00:00', '2005-04-02 00:00:00', '0000-00-00 00:00:00', 'Shipped', 124),
(10397, 'null', '2005-03-28 00:00:00', '2005-04-09 00:00:00', '0000-00-00 00:00:00', 'Shipped', 242),
(10398, 'null', '2005-03-30 00:00:00', '2005-04-09 00:00:00', '0000-00-00 00:00:00', 'Shipped', 353),
(10399, 'null', '2005-04-01 00:00:00', '2005-04-12 00:00:00', '0000-00-00 00:00:00', 'Shipped', 496),
(10400, 'Customer requested that DHL is used for this shipping', '2005-04-01 00:00:00', '2005-04-11 00:00:00', '0000-00-00 00:00:00', 'Shipped', 450),
(10401, 'Customer credit limit exceeded. Will ship when a payment is received.', '2005-04-03 00:00:00', '2005-04-14 00:00:00', '0000-00-00 00:00:00', 'On Hold', 328),
(10402, 'null', '2005-04-07 00:00:00', '2005-04-14 00:00:00', '0000-00-00 00:00:00', 'Shipped', 406),
(10403, 'null', '2005-04-08 00:00:00', '2005-04-18 00:00:00', '0000-00-00 00:00:00', 'Shipped', 201),
(10404, 'null', '2005-04-08 00:00:00', '2005-04-14 00:00:00', '0000-00-00 00:00:00', 'Shipped', 323),
(10405, 'null', '2005-04-14 00:00:00', '2005-04-24 00:00:00', '0000-00-00 00:00:00', 'Shipped', 209),
(10406, 'Customer claims container with shipment was damaged during shipping and some items were missing. I am talking to FedEx about this.', '2005-04-15 00:00:00', '2005-04-25 00:00:00', '0000-00-00 00:00:00', 'Disputed', 145),
(10407, 'Customer credit limit exceeded. Will ship when a payment is received.', '2005-04-22 00:00:00', '2005-05-04 00:00:00', '0000-00-00 00:00:00', 'On Hold', 450),
(10408, 'null', '2005-04-22 00:00:00', '2005-04-29 00:00:00', '0000-00-00 00:00:00', 'Shipped', 398),
(10409, 'null', '2005-04-23 00:00:00', '2005-05-05 00:00:00', '0000-00-00 00:00:00', 'Shipped', 166),
(10410, 'null', '2005-04-29 00:00:00', '2005-05-10 00:00:00', '0000-00-00 00:00:00', 'Shipped', 357),
(10411, 'null', '2005-05-01 00:00:00', '2005-05-08 00:00:00', '0000-00-00 00:00:00', 'Shipped', 233),
(10412, 'null', '2005-05-03 00:00:00', '2005-05-13 00:00:00', '0000-00-00 00:00:00', 'Shipped', 141),
(10413, 'Customer requested that DHL is used for this shipping', '2005-05-05 00:00:00', '2005-05-14 00:00:00', '0000-00-00 00:00:00', 'Shipped', 175),
(10414, 'Customer credit limit exceeded. Will ship when a payment is received.', '2005-05-06 00:00:00', '2005-05-13 00:00:00', '0000-00-00 00:00:00', 'On Hold', 362),
(10415, 'Customer claims the scales of the models don\'t match what was discussed. I keep all the paperwork though to prove otherwise', '2005-05-09 00:00:00', '2005-05-20 00:00:00', '0000-00-00 00:00:00', 'Disputed', 471),
(10416, 'null', '2005-05-10 00:00:00', '2005-05-16 00:00:00', '0000-00-00 00:00:00', 'Shipped', 386),
(10417, 'Customer doesn\'t like the colors and precision of the models.', '2005-05-13 00:00:00', '2005-05-19 00:00:00', '0000-00-00 00:00:00', 'Disputed', 141),
(10418, 'null', '2005-05-16 00:00:00', '2005-05-24 00:00:00', '0000-00-00 00:00:00', 'Shipped', 412),
(10419, 'null', '2005-05-17 00:00:00', '2005-05-28 00:00:00', '0000-00-00 00:00:00', 'Shipped', 382),
(10420, 'null', '2005-05-29 00:00:00', '2005-06-07 00:00:00', '0000-00-00 00:00:00', 'In Process', 282),
(10421, 'Custom shipping instructions were sent to warehouse', '2005-05-29 00:00:00', '2005-06-06 00:00:00', '0000-00-00 00:00:00', 'In Process', 124),
(10422, 'null', '2005-05-30 00:00:00', '2005-06-11 00:00:00', '0000-00-00 00:00:00', 'In Process', 157),
(10423, 'null', '2005-05-30 00:00:00', '2005-06-05 00:00:00', '0000-00-00 00:00:00', 'In Process', 314),
(10424, 'null', '2005-05-31 00:00:00', '2005-06-08 00:00:00', '0000-00-00 00:00:00', 'In Process', 141);

-- --------------------------------------------------------

--
-- Table structure for table `order_details`
--

CREATE TABLE `order_details` (
  `id` bigint(20) NOT NULL,
  `price_each` float DEFAULT NULL,
  `quantity_order` bigint(20) DEFAULT NULL,
  `order_id` bigint(20) DEFAULT NULL,
  `product_id` bigint(20) DEFAULT NULL
) ENGINE=InnoDB DEFAULT CHARSET=utf8;

--
-- Dumping data for table `order_details`
--

INSERT INTO `order_details` (`id`, `price_each`, `quantity_order`, `order_id`, `product_id`) VALUES
(1, 136, 30, 10100, 23),
(2, 55.09, 50, 10100, 27),
(3, 75.46, 22, 10100, 50),
(4, 35.29, 49, 10100, 80),
(5, 108.06, 25, 10101, 29),
(6, 167.06, 26, 10101, 33),
(7, 32.53, 45, 10101, 61),
(8, 44.35, 46, 10101, 64),
(9, 95.55, 39, 10102, 19),
(10, 43.13, 41, 10102, 20),
(11, 214.3, 26, 10103, 2),
(12, 119.67, 42, 10103, 6),
(13, 121.64, 27, 10103, 9),
(14, 94.5, 35, 10103, 17),
(15, 58.34, 22, 10103, 30),
(16, 92.19, 27, 10103, 35),
(17, 61.84, 35, 10103, 36),
(18, 86.92, 25, 10103, 38),
(19, 86.31, 46, 10103, 44),
(20, 98.07, 36, 10103, 52),
(21, 40.75, 41, 10103, 53),
(22, 107.34, 36, 10103, 65),
(23, 88.62, 25, 10103, 82),
(24, 92.46, 31, 10103, 85),
(25, 63.35, 45, 10103, 90),
(26, 131.44, 34, 10104, 11),
(27, 111.39, 41, 10104, 15),
(28, 135.9, 24, 10104, 26),
(29, 122.73, 29, 10104, 28),
(30, 165.95, 23, 10104, 40),
(31, 119.2, 38, 10104, 49),
(32, 52.02, 35, 10104, 57),
(33, 30.41, 44, 10104, 68),
(34, 106.45, 26, 10104, 81),
(35, 51.95, 35, 10104, 88),
(36, 56.55, 49, 10104, 89),
(37, 114.59, 33, 10104, 94),
(38, 53.31, 32, 10104, 95),
(39, 127.84, 50, 10105, 5),
(40, 205.72, 41, 10105, 8),
(41, 141.88, 29, 10105, 13),
(42, 136.59, 22, 10105, 39),
(43, 87.73, 38, 10105, 42),
(44, 75.48, 41, 10105, 51),
(45, 117.97, 43, 10105, 63),
(46, 73.46, 44, 10105, 72),
(47, 75.47, 50, 10105, 77),
(48, 54, 41, 10105, 97),
(49, 86.61, 29, 10105, 99),
(50, 60.72, 31, 10105, 102),
(51, 92.16, 39, 10105, 106),
(52, 99.31, 22, 10105, 107),
(53, 44.77, 25, 10105, 110),
(54, 134.04, 36, 10106, 22),
(55, 81.1, 34, 10106, 31),
(56, 80.86, 41, 10106, 37),
(57, 94.22, 41, 10106, 48),
(58, 107.23, 28, 10106, 60),
(59, 65.77, 49, 10106, 69),
(60, 55.89, 31, 10106, 75),
(61, 55.96, 50, 10106, 79),
(62, 71, 26, 10106, 83),
(63, 65.35, 33, 10106, 91),
(64, 35.78, 39, 10106, 93),
(65, 91.34, 31, 10106, 98),
(66, 85.09, 30, 10106, 100),
(67, 99.72, 34, 10106, 101),
(68, 113.9, 32, 10106, 104),
(69, 76, 44, 10106, 105),
(70, 70.33, 48, 10106, 108),
(71, 43.7, 48, 10106, 109),
(72, 81.35, 30, 10107, 1),
(73, 105.86, 39, 10107, 3),
(74, 172.36, 27, 10107, 4),
(75, 122, 21, 10107, 10),
(76, 52.7, 29, 10107, 32),
(77, 96.92, 25, 10107, 58),
(78, 73.12, 38, 10107, 62),
(79, 88.9, 20, 10107, 86),
(80, 165.38, 33, 10108, 7),
(81, 96.3, 45, 10108, 12),
(82, 75.81, 39, 10108, 14),
(83, 107.1, 36, 10108, 16),
(84, 67.76, 38, 10108, 24),
(85, 73.17, 26, 10108, 43),
(86, 132.29, 29, 10108, 45),
(87, 52.84, 43, 10108, 47),
(88, 139.87, 44, 10108, 54),
(89, 64.41, 35, 10108, 66),
(90, 60.01, 30, 10108, 74),
(91, 132, 40, 10108, 78),
(92, 67.1, 31, 10108, 84),
(93, 36.21, 27, 10108, 87),
(94, 87.76, 31, 10108, 92),
(95, 74.85, 34, 10108, 96),
(96, 117.48, 26, 10109, 18),
(97, 137.98, 38, 10109, 25),
(98, 126.72, 26, 10109, 34),
(99, 160.87, 46, 10109, 40),
(100, 125.74, 47, 10109, 46),
(101, 32.1, 29, 10109, 71),
(102, 118.22, 37, 10110, 21),
(103, 153, 42, 10110, 23),
(104, 51.46, 32, 10110, 27),
(105, 115.69, 33, 10110, 29),
(106, 163.69, 31, 10110, 33),
(107, 81.91, 28, 10110, 50),
(108, 62, 42, 10110, 55),
(109, 72.02, 36, 10110, 56),
(110, 43.27, 29, 10110, 59),
(111, 28.88, 20, 10110, 61),
(112, 40.77, 39, 10110, 64),
(113, 82.69, 43, 10110, 67),
(114, 112.74, 46, 10110, 70),
(115, 80.47, 27, 10110, 73),
(116, 96.37, 37, 10110, 76),
(117, 35.29, 48, 10110, 80),
(118, 87.33, 33, 10111, 19),
(119, 48.52, 48, 10111, 20),
(120, 53.09, 28, 10111, 36),
(121, 94.25, 43, 10111, 38),
(122, 91.27, 39, 10111, 44),
(123, 85.7, 26, 10111, 82),
(124, 197.16, 29, 10112, 2),
(125, 85.1, 23, 10112, 35),
(126, 121.64, 21, 10113, 9),
(127, 101.5, 49, 10113, 17),
(128, 43.27, 50, 10113, 53),
(129, 58.82, 23, 10113, 90),
(130, 128.53, 31, 10114, 6),
(131, 106.78, 39, 10114, 28),
(132, 53.48, 45, 10114, 30),
(133, 169.34, 48, 10114, 40),
(134, 105.34, 41, 10114, 52),
(135, 102.23, 21, 10114, 65),
(136, 28.64, 24, 10114, 68),
(137, 88.61, 32, 10114, 85),
(138, 43.83, 28, 10114, 88),
(139, 82.94, 42, 10114, 103),
(140, 111.39, 46, 10115, 15),
(141, 140.81, 46, 10115, 26),
(142, 56.64, 47, 10115, 57),
(143, 106.45, 44, 10115, 81),
(144, 100.7, 27, 10115, 94),
(145, 60.28, 27, 10116, 89),
(146, 195.33, 33, 10117, 8),
(147, 148.06, 43, 10117, 11),
(148, 173.02, 39, 10117, 13),
(149, 121.57, 26, 10117, 39),
(150, 81.68, 21, 10117, 42),
(151, 122.08, 22, 10117, 49),
(152, 73.73, 23, 10117, 51),
(153, 119.2, 41, 10117, 63),
(154, 55.65, 21, 10117, 95),
(155, 75.35, 38, 10117, 99),
(156, 89.38, 45, 10117, 107),
(157, 52.42, 50, 10117, 110),
(158, 86.15, 36, 10118, 106),
(159, 112.88, 46, 10119, 5),
(160, 151.38, 43, 10119, 22),
(161, 74.84, 21, 10119, 37),
(162, 95.28, 27, 10119, 48),
(163, 64.4, 41, 10119, 69),
(164, 72.58, 35, 10119, 72),
(165, 63.12, 20, 10119, 75),
(166, 82.18, 35, 10119, 77),
(167, 62.1, 28, 10119, 79),
(168, 57.34, 25, 10119, 97),
(169, 74.23, 29, 10119, 100),
(170, 67.22, 38, 10119, 102),
(171, 63.67, 26, 10119, 108),
(172, 40.22, 28, 10119, 109),
(173, 118.94, 29, 10120, 3),
(174, 158.8, 46, 10120, 4),
(175, 82.79, 29, 10120, 31),
(176, 57.54, 46, 10120, 32),
(177, 110.45, 35, 10120, 58),
(178, 93.01, 39, 10120, 60),
(179, 72.36, 34, 10120, 62),
(180, 71.73, 29, 10120, 83),
(181, 94.9, 22, 10120, 86),
(182, 68.79, 29, 10120, 91),
(183, 41.46, 49, 10120, 93),
(184, 91.34, 47, 10120, 98),
(185, 81.77, 24, 10120, 101),
(186, 106.79, 24, 10120, 104),
(187, 72, 43, 10120, 105),
(188, 86.13, 34, 10121, 1),
(189, 126.52, 50, 10121, 10),
(190, 58.18, 32, 10121, 66),
(191, 95.93, 25, 10121, 92),
(192, 72.41, 44, 10121, 96),
(193, 155.66, 42, 10122, 7),
(194, 113.92, 37, 10122, 12),
(195, 65.44, 32, 10122, 14),
(196, 104.8, 20, 10122, 16),
(197, 114.65, 34, 10122, 18),
(198, 62.37, 43, 10122, 24),
(199, 113.8, 31, 10122, 25),
(200, 137.17, 25, 10122, 40),
(201, 69.15, 21, 10122, 43),
(202, 133.76, 21, 10122, 45),
(203, 59.06, 35, 10122, 47),
(204, 145.82, 28, 10122, 54),
(205, 34.74, 39, 10122, 71),
(206, 50.82, 34, 10122, 74),
(207, 136.22, 43, 10122, 78),
(208, 67.1, 29, 10122, 84),
(209, 33.79, 31, 10122, 87),
(210, 120.71, 26, 10123, 21),
(211, 114.84, 46, 10123, 34),
(212, 117.26, 34, 10123, 46),
(213, 43.27, 50, 10123, 59),
(214, 153, 21, 10124, 23),
(215, 58.12, 42, 10124, 27),
(216, 111.87, 42, 10124, 29),
(217, 75.46, 36, 10124, 50),
(218, 66.28, 23, 10124, 55),
(219, 62.47, 22, 10124, 56),
(220, 30.53, 45, 10124, 61),
(221, 36.29, 22, 10124, 64),
(222, 74.51, 32, 10124, 67),
(223, 93.95, 25, 10124, 70),
(224, 76.19, 49, 10124, 73),
(225, 101.73, 43, 10124, 76),
(226, 36.11, 46, 10124, 80),
(227, 89.38, 32, 10125, 19),
(228, 138.38, 34, 10125, 33),
(229, 205.73, 38, 10126, 2),
(230, 122.62, 22, 10126, 6),
(231, 135.3, 21, 10126, 9),
(232, 116.67, 38, 10126, 17),
(233, 51.21, 42, 10126, 20),
(234, 51.05, 43, 10126, 30),
(235, 93.21, 31, 10126, 35),
(236, 61.84, 46, 10126, 36),
(237, 93.2, 30, 10126, 38),
(238, 94.25, 38, 10126, 44),
(239, 102.92, 50, 10126, 52),
(240, 47.29, 43, 10126, 53),
(241, 122.68, 27, 10126, 65),
(242, 83.76, 34, 10126, 82),
(243, 82.83, 43, 10126, 85),
(244, 62.05, 26, 10126, 90),
(245, 97.1, 45, 10126, 103),
(246, 193.25, 46, 10127, 8),
(247, 140.5, 46, 10127, 11),
(248, 169.56, 42, 10127, 13),
(249, 100.73, 24, 10127, 15),
(250, 140.81, 45, 10127, 26),
(251, 114.14, 45, 10127, 28),
(252, 149.02, 22, 10127, 40),
(253, 126.39, 25, 10127, 49),
(254, 50.86, 20, 10127, 57),
(255, 34.3, 39, 10127, 68),
(256, 107.63, 20, 10127, 81),
(257, 46.53, 45, 10127, 88),
(258, 60.9, 29, 10127, 89),
(259, 111.12, 46, 10127, 94),
(260, 55.65, 46, 10127, 95),
(261, 120.2, 41, 10128, 39),
(262, 80.67, 41, 10128, 42),
(263, 77.24, 43, 10128, 51),
(264, 72.75, 32, 10128, 99),
(265, 123.76, 33, 10129, 5),
(266, 113.06, 45, 10129, 63),
(267, 81.43, 41, 10129, 72),
(268, 76.31, 50, 10129, 77),
(269, 58.67, 31, 10129, 97),
(270, 72.28, 45, 10129, 102),
(271, 90.15, 42, 10129, 106),
(272, 94.34, 30, 10129, 107),
(273, 44.23, 32, 10129, 110),
(274, 68.82, 40, 10130, 37),
(275, 99.52, 33, 10130, 48),
(276, 141.92, 21, 10131, 22),
(277, 60.97, 35, 10131, 69),
(278, 52.6, 29, 10131, 75),
(279, 54.59, 50, 10131, 79),
(280, 76.94, 22, 10131, 100),
(281, 86.76, 40, 10131, 101),
(282, 63.67, 26, 10131, 108),
(283, 40.22, 21, 10131, 109),
(284, 80, 36, 10132, 105),
(285, 80.26, 49, 10133, 31),
(286, 109.42, 41, 10133, 60),
(287, 61.58, 46, 10133, 83),
(288, 80.91, 23, 10133, 86),
(289, 67.41, 49, 10133, 91),
(290, 37.09, 27, 10133, 93),
(291, 76.73, 24, 10133, 98),
(292, 115.09, 27, 10133, 104),
(293, 90.92, 41, 10134, 1),
(294, 116.56, 27, 10134, 3),
(295, 187.85, 31, 10134, 4),
(296, 131.04, 20, 10134, 10),
(297, 51.48, 30, 10134, 32),
(298, 94.67, 35, 10134, 58),
(299, 75.41, 43, 10134, 62),
(300, 173.17, 42, 10135, 7),
(301, 110.39, 48, 10135, 12),
(302, 72.62, 24, 10135, 14),
(303, 103.64, 29, 10135, 16),
(304, 66.99, 48, 10135, 24),
(305, 65.94, 45, 10135, 43),
(306, 139.64, 42, 10135, 45),
(307, 49.74, 45, 10135, 47),
(308, 133.92, 31, 10135, 54),
(309, 67.18, 29, 10135, 66),
(310, 34.36, 20, 10135, 71),
(311, 52.05, 27, 10135, 74),
(312, 139.03, 47, 10135, 78),
(313, 76.8, 23, 10135, 84),
(314, 38.62, 33, 10135, 87),
(315, 91.85, 30, 10135, 92),
(316, 78.92, 44, 10135, 96),
(317, 117.48, 25, 10136, 18),
(318, 120.91, 36, 10136, 25),
(319, 169.34, 41, 10136, 40),
(320, 115.73, 44, 10137, 21),
(321, 110.88, 37, 10137, 34),
(322, 118.68, 31, 10137, 46),
(323, 40.25, 26, 10137, 59),
(324, 149.6, 33, 10138, 23),
(325, 51.46, 22, 10138, 27),
(326, 114.42, 38, 10138, 29),
(327, 79.15, 47, 10138, 50),
(328, 64.86, 23, 10138, 55),
(329, 59.53, 45, 10138, 56),
(330, 33.19, 22, 10138, 61),
(331, 38.53, 33, 10138, 64),
(332, 73.6, 28, 10138, 67),
(333, 96.3, 30, 10138, 70),
(334, 77.05, 49, 10138, 73),
(335, 99.58, 21, 10138, 76),
(336, 32.82, 29, 10138, 80),
(337, 89.38, 31, 10139, 19),
(338, 52.83, 49, 10139, 20),
(339, 151.88, 41, 10139, 33),
(340, 91.18, 46, 10139, 35),
(341, 52.47, 20, 10139, 36),
(342, 101.58, 20, 10139, 38),
(343, 81.35, 30, 10139, 44),
(344, 93.49, 29, 10139, 82),
(345, 186.44, 37, 10140, 2),
(346, 131.49, 26, 10140, 6),
(347, 118.9, 38, 10140, 9),
(348, 95.67, 32, 10140, 17),
(349, 51.05, 46, 10140, 30),
(350, 100.5, 40, 10140, 52),
(351, 40.25, 29, 10140, 53),
(352, 118.84, 47, 10140, 65),
(353, 87.64, 26, 10140, 85),
(354, 62.05, 28, 10140, 90),
(355, 101.15, 36, 10140, 103),
(356, 114.95, 21, 10141, 15),
(357, 160.46, 39, 10141, 26),
(358, 103.09, 47, 10141, 28),
(359, 143.94, 34, 10141, 40),
(360, 50.86, 20, 10141, 57),
(361, 32.18, 21, 10141, 68),
(362, 104.09, 40, 10141, 81),
(363, 53.03, 24, 10141, 88),
(364, 94.92, 44, 10141, 94),
(365, 166.24, 33, 10142, 8),
(366, 140.5, 33, 10142, 11),
(367, 167.83, 46, 10142, 13),
(368, 129.76, 47, 10142, 39),
(369, 95.8, 22, 10142, 42),
(370, 122.08, 24, 10142, 49),
(371, 79.87, 24, 10142, 51),
(372, 114.29, 33, 10142, 63),
(373, 74.35, 49, 10142, 72),
(374, 60.9, 42, 10142, 89),
(375, 56.24, 42, 10142, 95),
(376, 55.34, 41, 10142, 97),
(377, 77.08, 43, 10142, 99),
(378, 92.16, 21, 10142, 106),
(379, 91.37, 38, 10142, 107),
(380, 46.96, 39, 10142, 110),
(381, 133.28, 49, 10143, 5),
(382, 126.15, 32, 10143, 22),
(383, 70.54, 46, 10143, 37),
(384, 99.52, 34, 10143, 48),
(385, 63.71, 27, 10143, 69),
(386, 59.83, 33, 10143, 75),
(387, 74.64, 23, 10143, 77),
(388, 55.96, 28, 10143, 79),
(389, 34.91, 34, 10143, 93),
(390, 86.77, 36, 10143, 98),
(391, 87.8, 26, 10143, 100),
(392, 79.78, 26, 10143, 101),
(393, 69.39, 31, 10143, 102),
(394, 70.4, 28, 10143, 105),
(395, 65.15, 34, 10143, 108),
(396, 49.66, 37, 10143, 109),
(397, 56.41, 20, 10144, 91),
(398, 76.56, 45, 10145, 1),
(399, 104.67, 37, 10145, 3),
(400, 154.93, 33, 10145, 4),
(401, 146.1, 49, 10145, 10),
(402, 71.81, 30, 10145, 31),
(403, 52.7, 30, 10145, 32),
(404, 103.68, 43, 10145, 58),
(405, 87.54, 40, 10145, 60),
(406, 63.98, 47, 10145, 62),
(407, 56.1, 27, 10145, 66),
(408, 71.73, 33, 10145, 83),
(409, 99.89, 33, 10145, 86),
(410, 39.43, 31, 10145, 87),
(411, 95.93, 27, 10145, 92),
(412, 73.22, 38, 10145, 96),
(413, 113.9, 20, 10145, 104),
(414, 60.3, 47, 10146, 47),
(415, 130.94, 29, 10146, 54),
(416, 161.49, 48, 10147, 7),
(417, 110.39, 31, 10147, 12),
(418, 74.21, 21, 10147, 14),
(419, 97.89, 33, 10147, 16),
(420, 70.84, 26, 10147, 24),
(421, 74.78, 36, 10147, 43),
(422, 129.35, 37, 10147, 45),
(423, 33.23, 25, 10147, 71),
(424, 48.98, 30, 10147, 74),
(425, 123.58, 23, 10147, 78),
(426, 72.76, 31, 10147, 84),
(427, 114.65, 23, 10148, 18),
(428, 108.26, 47, 10148, 21),
(429, 136.56, 25, 10148, 25),
(430, 113.52, 27, 10148, 34),
(431, 143.94, 32, 10148, 40),
(432, 135.63, 28, 10148, 46),
(433, 83.75, 34, 10148, 50),
(434, 66.28, 29, 10148, 55),
(435, 65.41, 25, 10148, 56),
(436, 46.29, 47, 10148, 59),
(437, 77.24, 21, 10148, 67),
(438, 115.09, 34, 10148, 70),
(439, 71.91, 31, 10148, 73),
(440, 96.37, 27, 10148, 76),
(441, 87.33, 50, 10149, 19),
(442, 48.52, 30, 10149, 20),
(443, 156.4, 34, 10149, 23),
(444, 50.85, 24, 10149, 27),
(445, 125.86, 33, 10149, 29),
(446, 167.06, 23, 10149, 33),
(447, 89.29, 42, 10149, 44),
(448, 31.2, 36, 10149, 61),
(449, 39.87, 49, 10149, 64),
(450, 38.57, 26, 10149, 80),
(451, 90.57, 20, 10149, 82),
(452, 182.16, 45, 10150, 2),
(453, 121.15, 20, 10150, 6),
(454, 135.3, 30, 10150, 9),
(455, 95.67, 34, 10150, 17),
(456, 93.21, 47, 10150, 35),
(457, 56.21, 30, 10150, 36),
(458, 97.39, 26, 10150, 38),
(459, 111.39, 49, 10150, 52),
(460, 47.29, 30, 10150, 53),
(461, 62.05, 49, 10150, 90),
(462, 95.08, 20, 10150, 103),
(463, 114.95, 24, 10151, 15),
(464, 152.27, 43, 10151, 26),
(465, 106.78, 49, 10151, 28),
(466, 58.34, 39, 10151, 30),
(467, 167.65, 21, 10151, 40),
(468, 109.9, 42, 10151, 65),
(469, 29.35, 30, 10151, 68),
(470, 84.75, 27, 10151, 85),
(471, 43.29, 41, 10151, 88),
(472, 108.81, 26, 10151, 94),
(473, 117.77, 35, 10152, 49),
(474, 49.13, 25, 10152, 57),
(475, 112.37, 23, 10152, 81),
(476, 57.17, 33, 10152, 89),
(477, 201.57, 20, 10153, 8),
(478, 128.42, 42, 10153, 11),
(479, 155.72, 49, 10153, 13),
(480, 125.66, 31, 10153, 39),
(481, 82.69, 29, 10153, 42),
(482, 82.5, 22, 10153, 51),
(483, 111.83, 40, 10153, 63),
(484, 53.31, 31, 10153, 95),
(485, 58, 43, 10153, 97),
(486, 80.55, 31, 10153, 99),
(487, 87.15, 50, 10153, 106),
(488, 85.41, 20, 10153, 107),
(489, 51.87, 50, 10153, 110),
(490, 75.23, 31, 10154, 72),
(491, 59.27, 36, 10154, 102),
(492, 129.2, 32, 10155, 5),
(493, 138.77, 38, 10155, 22),
(494, 83.44, 44, 10155, 37),
(495, 105.87, 29, 10155, 48),
(496, 62.34, 23, 10155, 69),
(497, 56.55, 34, 10155, 75),
(498, 76.31, 37, 10155, 77),
(499, 58.69, 44, 10155, 79),
(500, 89.61, 32, 10155, 100),
(501, 87.75, 20, 10155, 101),
(502, 76.8, 43, 10155, 105),
(503, 70.33, 44, 10155, 108),
(504, 49.16, 34, 10155, 109),
(505, 43.64, 20, 10156, 93),
(506, 77.64, 48, 10156, 98),
(507, 69.27, 33, 10157, 31),
(508, 89.72, 40, 10157, 60),
(509, 66.65, 33, 10157, 83),
(510, 83.91, 34, 10157, 86),
(511, 56.41, 28, 10157, 91),
(512, 109.16, 48, 10157, 104),
(513, 67.79, 22, 10158, 62),
(514, 81.35, 49, 10159, 1),
(515, 101.1, 37, 10159, 3),
(516, 170.42, 22, 10159, 4),
(517, 188.73, 41, 10159, 7),
(518, 131.04, 38, 10159, 10),
(519, 67.03, 24, 10159, 14),
(520, 51.48, 42, 10159, 32),
(521, 66.74, 21, 10159, 43),
(522, 129.35, 25, 10159, 45),
(523, 54.71, 21, 10159, 47),
(524, 142.85, 32, 10159, 54),
(525, 100.3, 44, 10159, 58),
(526, 67.18, 27, 10159, 66),
(527, 49.6, 50, 10159, 74),
(528, 80.84, 23, 10159, 84),
(529, 39.43, 35, 10159, 87),
(530, 86.74, 23, 10159, 92),
(531, 78.11, 31, 10159, 96),
(532, 96.3, 46, 10160, 12),
(533, 93.28, 50, 10160, 16),
(534, 70.84, 38, 10160, 24),
(535, 140.55, 20, 10160, 40),
(536, 30.59, 42, 10160, 71),
(537, 130.6, 35, 10160, 78),
(538, 121.72, 28, 10161, 18),
(539, 102.04, 43, 10161, 21),
(540, 139.41, 48, 10161, 25),
(541, 125.4, 23, 10161, 34),
(542, 132.8, 36, 10161, 46),
(543, 62.72, 25, 10161, 55),
(544, 73.49, 37, 10161, 56),
(545, 47.29, 23, 10161, 59),
(546, 82.69, 20, 10161, 67),
(547, 108.04, 25, 10161, 70),
(548, 72.77, 20, 10161, 73),
(549, 94.23, 30, 10161, 76),
(550, 87.33, 48, 10162, 19),
(551, 45.28, 45, 10162, 20),
(552, 141.1, 29, 10162, 23),
(553, 53.28, 27, 10162, 27),
(554, 113.15, 38, 10162, 29),
(555, 156.94, 48, 10162, 33),
(556, 86.51, 39, 10162, 50),
(557, 27.55, 37, 10162, 61),
(558, 38.98, 43, 10162, 64),
(559, 32.82, 37, 10162, 80),
(560, 212.16, 21, 10163, 2),
(561, 101.31, 31, 10163, 35),
(562, 59.96, 48, 10163, 36),
(563, 101.58, 40, 10163, 38),
(564, 80.36, 43, 10163, 44),
(565, 96.42, 42, 10163, 82),
(566, 143.31, 21, 10164, 6),
(567, 121.64, 49, 10164, 9),
(568, 103.84, 36, 10164, 17),
(569, 107.76, 45, 10164, 52),
(570, 46.29, 25, 10164, 53),
(571, 91.49, 24, 10164, 85),
(572, 57.53, 49, 10164, 90),
(573, 86.99, 39, 10164, 103),
(574, 168.32, 44, 10165, 8),
(575, 123.89, 34, 10165, 11),
(576, 152.26, 27, 10165, 13),
(577, 109.02, 48, 10165, 15),
(578, 134.26, 29, 10165, 26),
(579, 120.28, 46, 10165, 28),
(580, 60.77, 31, 10165, 30),
(581, 154.1, 47, 10165, 40),
(582, 84.71, 50, 10165, 42),
(583, 123.51, 28, 10165, 49),
(584, 46.82, 25, 10165, 57),
(585, 117.57, 32, 10165, 65),
(586, 31.12, 27, 10165, 68),
(587, 106.45, 24, 10165, 81),
(588, 50.86, 48, 10165, 88),
(589, 55.3, 44, 10165, 89),
(590, 106.49, 48, 10165, 94),
(591, 49.21, 38, 10165, 95),
(592, 136.59, 43, 10166, 39),
(593, 72.85, 26, 10166, 51),
(594, 76.22, 29, 10166, 99),
(595, 123.76, 44, 10167, 5),
(596, 141.92, 43, 10167, 22),
(597, 69.68, 46, 10167, 37),
(598, 84.7, 34, 10167, 48),
(599, 110.6, 33, 10167, 63),
(600, 54.81, 21, 10167, 69),
(601, 77, 20, 10167, 72),
(602, 64.44, 32, 10167, 75),
(603, 73.8, 29, 10167, 77),
(604, 66, 43, 10167, 97),
(605, 87.8, 29, 10167, 100),
(606, 62.16, 46, 10167, 102),
(607, 85.14, 24, 10167, 106),
(608, 83.42, 28, 10167, 107),
(609, 42.71, 40, 10167, 109),
(610, 43.68, 38, 10167, 110),
(611, 94.74, 36, 10168, 1),
(612, 97.53, 27, 10168, 3),
(613, 160.74, 20, 10168, 4),
(614, 75.19, 21, 10168, 31),
(615, 49.06, 46, 10168, 32),
(616, 103.68, 50, 10168, 58),
(617, 93.01, 49, 10168, 60),
(618, 72.36, 29, 10168, 62),
(619, 57.32, 27, 10168, 79),
(620, 68.1, 48, 10168, 83),
(621, 89.9, 28, 10168, 86),
(622, 57.78, 31, 10168, 91),
(623, 39.71, 48, 10168, 93),
(624, 91.34, 28, 10168, 98),
(625, 87.75, 31, 10168, 101),
(626, 94.92, 36, 10168, 104),
(627, 72, 48, 10168, 105),
(628, 67.37, 39, 10168, 108),
(629, 163.44, 30, 10169, 7),
(630, 126.52, 35, 10169, 10),
(631, 71.82, 36, 10169, 14),
(632, 65.13, 32, 10169, 43),
(633, 136.7, 36, 10169, 45),
(634, 52.84, 38, 10169, 47),
(635, 120.53, 33, 10169, 54),
(636, 66.49, 38, 10169, 66),
(637, 53.27, 34, 10169, 74),
(638, 77.61, 24, 10169, 84),
(639, 37.01, 26, 10169, 87),
(640, 83.68, 34, 10169, 92),
(641, 75.66, 48, 10169, 96),
(642, 116.27, 47, 10170, 12),
(643, 93.28, 41, 10170, 16),
(644, 70.07, 20, 10170, 24),
(645, 130.6, 34, 10170, 78),
(646, 134.46, 35, 10171, 18),
(647, 128.03, 35, 10171, 25),
(648, 165.95, 39, 10171, 40),
(649, 34.74, 36, 10171, 71),
(650, 109.51, 42, 10172, 21),
(651, 117.48, 39, 10172, 34),
(652, 139.87, 48, 10172, 46),
(653, 61, 32, 10172, 56),
(654, 43.27, 34, 10172, 59),
(655, 79.97, 22, 10172, 67),
(656, 77.91, 24, 10172, 73),
(657, 87.81, 22, 10172, 76),
(658, 101.71, 43, 10173, 19),
(659, 51.75, 48, 10173, 20),
(660, 168.3, 24, 10173, 23),
(661, 55.09, 26, 10173, 27),
(662, 127.13, 31, 10173, 29),
(663, 140.06, 22, 10173, 33),
(664, 56.84, 28, 10173, 36),
(665, 86.92, 31, 10173, 38),
(666, 90.28, 29, 10173, 44),
(667, 77.31, 21, 10173, 50),
(668, 58.44, 39, 10173, 55),
(669, 29.87, 31, 10173, 61),
(670, 39.42, 27, 10173, 64),
(671, 98.65, 23, 10173, 70),
(672, 35.7, 35, 10173, 80),
(673, 93.49, 22, 10173, 82),
(674, 207.87, 34, 10174, 2),
(675, 113.44, 43, 10174, 9),
(676, 108.5, 48, 10174, 17),
(677, 100.3, 46, 10174, 35),
(678, 44.27, 49, 10174, 53),
(679, 119.67, 33, 10175, 6),
(680, 109.02, 26, 10175, 15),
(681, 101.87, 48, 10175, 28),
(682, 59.55, 41, 10175, 30),
(683, 150.71, 29, 10175, 40),
(684, 102.92, 47, 10175, 52),
(685, 121.4, 28, 10175, 65),
(686, 32.18, 37, 10175, 68),
(687, 89.57, 22, 10175, 85),
(688, 50.86, 50, 10175, 88),
(689, 56.24, 29, 10175, 90),
(690, 80.92, 42, 10175, 103),
(691, 166.24, 33, 10176, 8),
(692, 145.04, 47, 10176, 11),
(693, 160.91, 50, 10176, 13),
(694, 139.17, 20, 10176, 26),
(695, 140.75, 36, 10176, 49),
(696, 55.49, 27, 10176, 57),
(697, 101.72, 29, 10176, 81),
(698, 62.14, 22, 10176, 89),
(699, 109.96, 23, 10176, 94),
(700, 52.14, 38, 10176, 95),
(701, 113.37, 23, 10177, 39),
(702, 92.77, 29, 10177, 42),
(703, 82.5, 35, 10177, 51),
(704, 115.52, 50, 10177, 63),
(705, 79.66, 45, 10177, 72),
(706, 58.67, 24, 10177, 97),
(707, 77.95, 31, 10177, 99),
(708, 64.33, 32, 10177, 102),
(709, 88.15, 44, 10177, 106),
(710, 83.42, 24, 10177, 107),
(711, 52.96, 40, 10177, 110),
(712, 131.92, 24, 10178, 5),
(713, 127.73, 42, 10178, 22),
(714, 70.54, 41, 10178, 37),
(715, 104.81, 48, 10178, 48),
(716, 67.82, 34, 10178, 69),
(717, 65.75, 27, 10178, 75),
(718, 68.77, 21, 10178, 77),
(719, 64.15, 30, 10178, 79),
(720, 86.9, 34, 10178, 100),
(721, 91.74, 22, 10178, 101),
(722, 68.11, 45, 10178, 108),
(723, 41.71, 45, 10178, 109),
(724, 82.79, 24, 10179, 31),
(725, 105.04, 47, 10179, 60),
(726, 66.65, 27, 10179, 83),
(727, 86.9, 45, 10179, 86),
(728, 63.97, 24, 10179, 91),
(729, 43.2, 34, 10179, 93),
(730, 75.81, 23, 10179, 98),
(731, 98.48, 25, 10179, 104),
(732, 80, 39, 10179, 105),
(733, 76.56, 29, 10180, 1),
(734, 99.91, 42, 10180, 3),
(735, 164.61, 41, 10180, 4),
(736, 131.04, 40, 10180, 10),
(737, 48.46, 25, 10180, 32),
(738, 59.06, 21, 10180, 47),
(739, 147.31, 44, 10180, 54),
(740, 98.05, 48, 10180, 58),
(741, 61.7, 28, 10180, 62),
(742, 60.95, 35, 10180, 66),
(743, 68.71, 28, 10180, 84),
(744, 33.39, 34, 10180, 87),
(745, 102.05, 22, 10180, 92),
(746, 74.85, 21, 10180, 96),
(747, 155.66, 27, 10181, 7),
(748, 113.92, 28, 10181, 12),
(749, 67.03, 20, 10181, 14),
(750, 107.1, 36, 10181, 16),
(751, 124.56, 44, 10181, 18),
(752, 124.44, 42, 10181, 21),
(753, 74.69, 22, 10181, 24),
(754, 129.45, 21, 10181, 25),
(755, 130.68, 27, 10181, 34),
(756, 147.33, 45, 10181, 40),
(757, 73.17, 30, 10181, 43),
(758, 120.53, 22, 10181, 45),
(759, 137.04, 39, 10181, 46),
(760, 45.28, 34, 10181, 59),
(761, 32.85, 37, 10181, 71),
(762, 54.49, 23, 10181, 74),
(763, 122.17, 25, 10181, 78),
(764, 83.22, 25, 10182, 19),
(765, 44.21, 32, 10182, 20),
(766, 159.8, 44, 10182, 23),
(767, 54.49, 38, 10182, 27),
(768, 105.52, 20, 10182, 29),
(769, 135, 21, 10182, 33),
(770, 86.31, 33, 10182, 44),
(771, 88.35, 36, 10182, 50),
(772, 61.29, 44, 10182, 55),
(773, 63.2, 47, 10182, 56),
(774, 31.86, 39, 10182, 61),
(775, 39.87, 31, 10182, 64),
(776, 87.24, 36, 10182, 67),
(777, 116.27, 20, 10182, 70),
(778, 73.62, 33, 10182, 73),
(779, 95.3, 49, 10182, 76),
(780, 34.88, 23, 10182, 80),
(781, 180.01, 23, 10183, 2),
(782, 127.06, 28, 10183, 6),
(783, 114.8, 41, 10183, 9),
(784, 108.5, 21, 10183, 17),
(785, 91.18, 37, 10183, 35),
(786, 51.22, 39, 10183, 36),
(787, 90.06, 22, 10183, 38),
(788, 118.66, 21, 10183, 52),
(789, 42.26, 40, 10183, 53),
(790, 81.81, 47, 10183, 82),
(791, 52.36, 49, 10183, 90),
(792, 85.98, 23, 10183, 103),
(793, 105.47, 37, 10184, 15),
(794, 145.72, 46, 10184, 26),
(795, 119.05, 46, 10184, 28),
(796, 60.77, 44, 10184, 30),
(797, 165.95, 28, 10184, 40),
(798, 57.22, 31, 10184, 57),
(799, 117.57, 24, 10184, 65),
(800, 30.06, 42, 10184, 68),
(801, 114.73, 49, 10184, 81),
(802, 84.75, 46, 10184, 85),
(803, 52.49, 33, 10184, 88),
(804, 59.03, 48, 10184, 89),
(805, 92.6, 45, 10184, 94),
(806, 195.33, 21, 10185, 8),
(807, 146.55, 33, 10185, 11),
(808, 147.07, 43, 10185, 13),
(809, 124.3, 28, 10185, 39),
(810, 94.79, 49, 10185, 42),
(811, 127.82, 39, 10185, 49),
(812, 87.77, 47, 10185, 51),
(813, 105.69, 30, 10185, 63),
(814, 83.2, 33, 10185, 72),
(815, 46.86, 20, 10185, 95),
(816, 64.67, 21, 10185, 97),
(817, 79.68, 30, 10185, 99),
(818, 61.44, 39, 10185, 102),
(819, 99.17, 37, 10185, 106),
(820, 93.35, 22, 10185, 107),
(821, 47.5, 28, 10185, 110),
(822, 108.8, 26, 10186, 5),
(823, 137.19, 32, 10186, 22),
(824, 73.12, 32, 10186, 37),
(825, 98.46, 46, 10186, 48),
(826, 60.29, 22, 10186, 69),
(827, 59.83, 21, 10186, 75),
(828, 68.77, 36, 10186, 77),
(829, 80.56, 24, 10186, 100),
(830, 42.71, 28, 10186, 109),
(831, 70.12, 45, 10187, 31),
(832, 96.29, 46, 10187, 60),
(833, 55.96, 43, 10187, 79),
(834, 64.48, 33, 10187, 83),
(835, 61.22, 31, 10187, 91),
(836, 39.71, 41, 10187, 93),
(837, 84.95, 34, 10187, 98),
(838, 95.73, 44, 10187, 101),
(839, 72, 34, 10187, 105),
(840, 70.33, 44, 10187, 108),
(841, 95.7, 48, 10188, 1),
(842, 111.8, 38, 10188, 3),
(843, 182.04, 45, 10188, 4),
(844, 52.09, 32, 10188, 32),
(845, 95.8, 25, 10188, 58),
(846, 61.7, 40, 10188, 62),
(847, 81.91, 44, 10188, 86),
(848, 96.11, 29, 10188, 104),
(849, 138.57, 28, 10189, 10),
(850, 58.87, 42, 10190, 66),
(851, 38.62, 46, 10190, 87),
(852, 89.8, 42, 10190, 92),
(853, 67.53, 40, 10190, 96),
(854, 155.66, 21, 10191, 7),
(855, 104.52, 40, 10191, 12),
(856, 70.22, 30, 10191, 14),
(857, 75.59, 36, 10191, 43),
(858, 119.06, 23, 10191, 45),
(859, 60.93, 43, 10191, 47),
(860, 136.9, 32, 10191, 54),
(861, 53.27, 48, 10191, 74),
(862, 77.61, 44, 10191, 84),
(863, 99.04, 27, 10192, 16),
(864, 140.12, 22, 10192, 18),
(865, 100.8, 29, 10192, 21),
(866, 70.84, 45, 10192, 24),
(867, 128.03, 47, 10192, 25),
(868, 110.88, 38, 10192, 34),
(869, 137.17, 26, 10192, 40),
(870, 125.74, 45, 10192, 46),
(871, 72.02, 37, 10192, 56),
(872, 49.3, 47, 10192, 59),
(873, 86.33, 46, 10192, 67),
(874, 112.74, 23, 10192, 70),
(875, 33.23, 30, 10192, 71),
(876, 69.34, 32, 10192, 73),
(877, 93.16, 46, 10192, 76),
(878, 112.34, 45, 10192, 78),
(879, 92.47, 28, 10193, 19),
(880, 46.36, 46, 10193, 20),
(881, 153, 21, 10193, 23),
(882, 60.54, 42, 10193, 27),
(883, 115.69, 44, 10193, 29),
(884, 143.44, 22, 10193, 33),
(885, 87.13, 28, 10193, 35),
(886, 53.09, 24, 10193, 36),
(887, 97.39, 23, 10193, 38),
(888, 79.37, 32, 10193, 44),
(889, 92.03, 24, 10193, 50),
(890, 66.28, 25, 10193, 55),
(891, 32.19, 26, 10193, 61),
(892, 44.8, 20, 10193, 64),
(893, 38.16, 22, 10193, 80),
(894, 92.52, 20, 10193, 82),
(895, 203.59, 42, 10194, 2),
(896, 134.44, 26, 10194, 6),
(897, 124.37, 38, 10194, 9),
(898, 103.84, 21, 10194, 17),
(899, 51.05, 45, 10194, 30),
(900, 113.82, 32, 10194, 52),
(901, 47.79, 41, 10194, 53),
(902, 112.46, 49, 10194, 65),
(903, 77.05, 37, 10194, 85),
(904, 61.41, 39, 10194, 90),
(905, 80.92, 26, 10194, 103),
(906, 118.5, 49, 10195, 15),
(907, 139.17, 27, 10195, 26),
(908, 112.91, 35, 10195, 28),
(909, 150.71, 50, 10195, 40),
(910, 54.33, 44, 10195, 57),
(911, 31.82, 32, 10195, 68),
(912, 95.81, 34, 10195, 81),
(913, 51.95, 32, 10195, 88),
(914, 59.03, 33, 10195, 89),
(915, 97.23, 49, 10195, 94),
(916, 203.64, 47, 10196, 8),
(917, 151.08, 24, 10196, 11),
(918, 147.07, 38, 10196, 13),
(919, 127.03, 49, 10196, 39),
(920, 81.68, 35, 10196, 42),
(921, 126.39, 27, 10196, 49),
(922, 56.82, 46, 10196, 95),
(923, 84.88, 50, 10196, 99),
(924, 118.32, 45, 10197, 5),
(925, 83.44, 46, 10197, 37),
(926, 85.75, 22, 10197, 48),
(927, 78.99, 50, 10197, 51),
(928, 109.37, 41, 10197, 63),
(929, 83.2, 47, 10197, 72),
(930, 67.93, 22, 10197, 77),
(931, 60, 23, 10197, 97),
(932, 78.75, 24, 10197, 100),
(933, 66.5, 50, 10197, 102),
(934, 100.17, 27, 10197, 106),
(935, 88.39, 35, 10197, 107),
(936, 39.73, 29, 10197, 109),
(937, 48.59, 42, 10197, 110),
(938, 149.81, 42, 10198, 22),
(939, 60.97, 48, 10198, 69),
(940, 61.81, 27, 10198, 75),
(941, 65.51, 43, 10198, 79),
(942, 94.73, 42, 10198, 101),
(943, 74.03, 40, 10198, 108),
(944, 37.97, 29, 10199, 93),
(945, 81.29, 48, 10199, 98),
(946, 70.4, 38, 10199, 105),
(947, 74.34, 28, 10200, 31),
(948, 99.57, 33, 10200, 60),
(949, 70.28, 39, 10200, 83),
(950, 80.91, 35, 10200, 86),
(951, 65.35, 27, 10200, 91),
(952, 115.09, 39, 10200, 104),
(953, 82.3, 22, 10201, 1),
(954, 116.56, 24, 10201, 3),
(955, 191.72, 49, 10201, 4),
(956, 126.52, 25, 10201, 10),
(957, 48.46, 30, 10201, 32),
(958, 93.54, 39, 10201, 58),
(959, 66.27, 25, 10201, 62),
(960, 55.33, 30, 10202, 47),
(961, 124.99, 43, 10202, 54),
(962, 56.1, 50, 10202, 66),
(963, 75.18, 50, 10202, 84),
(964, 33.39, 27, 10202, 87),
(965, 81.64, 31, 10202, 92),
(966, 79.73, 40, 10202, 96),
(967, 161.49, 20, 10203, 7),
(968, 111.57, 20, 10203, 12),
(969, 63.84, 44, 10203, 14),
(970, 115.16, 47, 10203, 16),
(971, 73.15, 45, 10203, 24),
(972, 157.49, 48, 10203, 40),
(973, 66.74, 33, 10203, 43),
(974, 127.88, 32, 10203, 45),
(975, 33.23, 21, 10203, 71),
(976, 56.94, 34, 10203, 74),
(977, 140.43, 47, 10203, 78),
(978, 114.65, 42, 10204, 18),
(979, 113.24, 40, 10204, 21),
(980, 153, 33, 10204, 23),
(981, 133.72, 38, 10204, 25),
(982, 59.33, 23, 10204, 27),
(983, 119.5, 26, 10204, 29),
(984, 106.92, 27, 10204, 34),
(985, 132.8, 35, 10204, 46),
(986, 83.75, 29, 10204, 50),
(987, 69.84, 45, 10204, 55),
(988, 69.82, 20, 10204, 56),
(989, 46.79, 45, 10204, 59),
(990, 79.06, 47, 10204, 67),
(991, 112.74, 42, 10204, 70),
(992, 84.75, 40, 10204, 73),
(993, 104.94, 48, 10204, 76),
(994, 34.88, 39, 10204, 80),
(995, 98.63, 36, 10205, 19),
(996, 45.82, 48, 10205, 20),
(997, 138.38, 40, 10205, 33),
(998, 27.88, 32, 10205, 61),
(999, 36.74, 24, 10205, 64),
(1000, 203.59, 47, 10206, 2),
(1001, 109.34, 28, 10206, 9),
(1002, 115.5, 34, 10206, 17),
(1003, 98.27, 37, 10206, 35),
(1004, 51.84, 28, 10206, 36),
(1005, 102.63, 30, 10206, 38),
(1006, 99.21, 28, 10206, 44),
(1007, 45.78, 21, 10206, 53),
(1008, 95.44, 33, 10206, 82),
(1009, 54.94, 36, 10206, 90),
(1010, 89.01, 33, 10206, 103),
(1011, 125.58, 31, 10207, 6),
(1012, 95.99, 34, 10207, 15),
(1013, 140.81, 44, 10207, 26),
(1014, 109.23, 43, 10207, 28),
(1015, 60.77, 37, 10207, 30),
(1016, 140.55, 25, 10207, 40),
(1017, 143.62, 40, 10207, 49),
(1018, 119.87, 47, 10207, 52),
(1019, 57.8, 49, 10207, 57),
(1020, 127.79, 46, 10207, 65),
(1021, 30.76, 42, 10207, 68),
(1022, 108.82, 28, 10207, 81),
(1023, 84.75, 49, 10207, 85),
(1024, 51.95, 27, 10207, 88),
(1025, 55.3, 45, 10207, 89),
(1026, 106.49, 28, 10207, 94),
(1027, 176.63, 46, 10208, 8),
(1028, 128.42, 26, 10208, 11),
(1029, 152.26, 20, 10208, 13),
(1030, 117.47, 24, 10208, 39),
(1031, 96.81, 48, 10208, 42),
(1032, 72.85, 45, 10208, 51),
(1033, 122.89, 35, 10208, 63),
(1034, 80.54, 20, 10208, 72),
(1035, 57.99, 30, 10208, 95),
(1036, 56.67, 38, 10208, 97),
(1037, 73.62, 40, 10208, 99),
(1038, 63.61, 46, 10208, 102),
(1039, 95.16, 37, 10208, 106),
(1040, 95.34, 33, 10208, 107),
(1041, 48.05, 42, 10208, 110),
(1042, 129.2, 39, 10209, 5),
(1043, 82.58, 28, 10209, 37),
(1044, 97.4, 20, 10209, 48),
(1045, 66.45, 43, 10209, 69),
(1046, 56.55, 36, 10209, 75),
(1047, 79.67, 22, 10209, 77),
(1048, 90.52, 33, 10209, 100),
(1049, 44.2, 48, 10209, 109),
(1050, 112.99, 23, 10210, 3),
(1051, 189.79, 34, 10210, 4),
(1052, 141.92, 31, 10210, 22),
(1053, 68.43, 50, 10210, 31),
(1054, 51.48, 40, 10210, 32),
(1055, 100.67, 27, 10210, 60),
(1056, 63.22, 30, 10210, 62),
(1057, 56.64, 29, 10210, 79),
(1058, 68.1, 40, 10210, 83),
(1059, 84.91, 46, 10210, 86),
(1060, 57.1, 39, 10210, 91),
(1061, 43.2, 43, 10210, 93),
(1062, 87.69, 21, 10210, 98),
(1063, 93.74, 26, 10210, 101),
(1064, 98.48, 25, 10210, 104),
(1065, 64, 31, 10210, 105),
(1066, 60.7, 42, 10210, 108),
(1067, 90.92, 41, 10211, 1),
(1068, 171.22, 41, 10211, 7),
(1069, 126.52, 36, 10211, 10),
(1070, 79.8, 28, 10211, 14),
(1071, 73.17, 35, 10211, 43),
(1072, 138.17, 28, 10211, 45),
(1073, 60.3, 46, 10211, 47),
(1074, 148.8, 41, 10211, 54),
(1075, 109.32, 25, 10211, 58),
(1076, 62.33, 21, 10211, 66),
(1077, 52.66, 48, 10211, 74),
(1078, 80.84, 22, 10211, 84),
(1079, 39.83, 41, 10211, 87),
(1080, 94.91, 37, 10211, 92),
(1081, 70.78, 40, 10211, 96),
(1082, 99.82, 39, 10212, 12),
(1083, 110.55, 33, 10212, 16),
(1084, 117.48, 29, 10212, 18),
(1085, 105.77, 38, 10212, 21),
(1086, 64.68, 20, 10212, 24),
(1087, 133.72, 41, 10212, 25),
(1088, 117.48, 40, 10212, 34),
(1089, 155.79, 40, 10212, 40),
(1090, 115.85, 45, 10212, 46),
(1091, 61.73, 41, 10212, 56),
(1092, 43.27, 45, 10212, 59),
(1093, 81.78, 45, 10212, 67),
(1094, 37.38, 34, 10212, 71),
(1095, 77.91, 27, 10212, 73),
(1096, 100.66, 46, 10212, 76),
(1097, 117.96, 49, 10212, 78),
(1098, 84.67, 38, 10213, 50),
(1099, 58.44, 25, 10213, 55),
(1100, 97.48, 27, 10213, 70),
(1101, 166.6, 30, 10214, 23),
(1102, 53.28, 21, 10214, 27),
(1103, 125.86, 27, 10214, 29),
(1104, 167.06, 50, 10214, 33),
(1105, 32.19, 20, 10214, 61),
(1106, 39.87, 49, 10214, 64),
(1107, 38.57, 44, 10214, 80),
(1108, 205.73, 35, 10215, 2),
(1109, 100.34, 46, 10215, 17),
(1110, 92.47, 27, 10215, 19),
(1111, 53.91, 33, 10215, 20),
(1112, 97.26, 49, 10215, 35),
(1113, 56.21, 31, 10215, 36),
(1114, 89.01, 49, 10215, 38),
(1115, 84.33, 41, 10215, 44),
(1116, 42.76, 46, 10215, 53),
(1117, 94.47, 39, 10215, 82),
(1118, 133.94, 43, 10216, 9),
(1119, 132.97, 48, 10217, 6),
(1120, 58.34, 35, 10217, 30),
(1121, 118.66, 38, 10217, 52),
(1122, 103.51, 28, 10217, 65),
(1123, 78.97, 21, 10217, 85),
(1124, 56.24, 39, 10217, 90),
(1125, 90.02, 31, 10217, 103),
(1126, 110.46, 22, 10218, 28),
(1127, 152.41, 34, 10218, 40),
(1128, 94.8, 48, 10219, 15),
(1129, 132.62, 43, 10219, 26),
(1130, 31.12, 21, 10219, 68),
(1131, 47.62, 35, 10219, 88),
(1132, 189.1, 32, 10220, 8),
(1133, 151.08, 30, 10220, 11),
(1134, 166.1, 27, 10220, 13),
(1135, 126.39, 50, 10220, 49),
(1136, 48.55, 26, 10220, 57),
(1137, 101.72, 37, 10220, 81),
(1138, 49.71, 20, 10220, 89),
(1139, 92.6, 37, 10220, 94),
(1140, 56.82, 30, 10220, 95),
(1141, 133.86, 33, 10221, 39),
(1142, 89.75, 23, 10221, 42),
(1143, 84.26, 39, 10221, 51),
(1144, 113.06, 49, 10221, 63),
(1145, 69.29, 23, 10221, 99),
(1146, 133.28, 49, 10222, 5),
(1147, 137.19, 49, 10222, 22),
(1148, 79.14, 49, 10222, 37),
(1149, 88.93, 45, 10222, 48),
(1150, 56.86, 32, 10222, 69),
(1151, 74.35, 47, 10222, 72),
(1152, 61.15, 43, 10222, 75),
(1153, 77.99, 46, 10222, 77),
(1154, 55.27, 48, 10222, 79),
(1155, 58.67, 31, 10222, 97),
(1156, 80.56, 26, 10222, 100),
(1157, 90.75, 37, 10222, 101),
(1158, 69.39, 36, 10222, 102),
(1159, 84.14, 38, 10222, 106),
(1160, 81.43, 31, 10222, 107),
(1161, 66.63, 43, 10222, 108),
(1162, 45.19, 31, 10222, 109),
(1163, 48.59, 36, 10222, 110),
(1164, 80.39, 37, 10223, 1),
(1165, 110.61, 47, 10223, 3),
(1166, 189.79, 49, 10223, 4),
(1167, 67.58, 47, 10223, 31),
(1168, 58.75, 28, 10223, 32),
(1169, 104.81, 32, 10223, 58),
(1170, 87.54, 34, 10223, 60),
(1171, 60.94, 38, 10223, 62),
(1172, 68.1, 23, 10223, 83),
(1173, 90.9, 21, 10223, 86),
(1174, 66.73, 20, 10223, 91),
(1175, 41.02, 41, 10223, 93),
(1176, 84.03, 25, 10223, 98),
(1177, 113.9, 29, 10223, 104),
(1178, 79.2, 26, 10223, 105),
(1179, 141.58, 43, 10224, 10),
(1180, 57.2, 38, 10224, 47),
(1181, 60.26, 37, 10224, 66),
(1182, 37.01, 43, 10224, 87),
(1183, 94.91, 30, 10224, 92),
(1184, 81.36, 50, 10224, 96),
(1185, 157.6, 27, 10225, 7),
(1186, 101, 25, 10225, 12),
(1187, 64.64, 37, 10225, 14),
(1188, 100.19, 21, 10225, 16),
(1189, 116.06, 32, 10225, 18),
(1190, 71.61, 47, 10225, 24),
(1191, 162.57, 43, 10225, 40),
(1192, 69.96, 37, 10225, 43),
(1193, 119.06, 27, 10225, 45),
(1194, 135.41, 35, 10225, 54),
(1195, 34.74, 42, 10225, 71),
(1196, 51.43, 24, 10225, 74),
(1197, 130.6, 40, 10225, 78),
(1198, 77.61, 46, 10225, 84),
(1199, 108.26, 38, 10226, 21),
(1200, 129.45, 24, 10226, 25),
(1201, 125.4, 24, 10226, 34),
(1202, 122.91, 46, 10226, 46),
(1203, 65.41, 21, 10226, 56),
(1204, 47.79, 36, 10226, 59),
(1205, 95.3, 48, 10226, 76),
(1206, 85.27, 25, 10227, 19),
(1207, 50.14, 31, 10227, 20),
(1208, 136, 26, 10227, 23),
(1209, 59.93, 28, 10227, 27),
(1210, 118.23, 46, 10227, 29),
(1211, 146.81, 29, 10227, 33),
(1212, 99.21, 33, 10227, 44),
(1213, 87.43, 34, 10227, 50),
(1214, 70.56, 37, 10227, 55),
(1215, 27.22, 42, 10227, 61),
(1216, 39.42, 24, 10227, 64),
(1217, 84.51, 47, 10227, 67),
(1218, 102.17, 33, 10227, 70),
(1219, 78.76, 40, 10227, 73),
(1220, 34.88, 27, 10227, 80),
(1221, 214.3, 29, 10228, 2),
(1222, 100.34, 32, 10228, 17),
(1223, 101.31, 24, 10228, 35),
(1224, 57.46, 45, 10228, 36),
(1225, 100.53, 31, 10228, 38),
(1226, 84.73, 33, 10228, 82),
(1227, 138.88, 50, 10229, 6),
(1228, 110.7, 25, 10229, 9),
(1229, 95.99, 36, 10229, 15),
(1230, 104.32, 26, 10229, 28),
(1231, 53.48, 28, 10229, 30),
(1232, 157.49, 22, 10229, 40),
(1233, 119.87, 41, 10229, 52),
(1234, 43.77, 39, 10229, 53),
(1235, 115.01, 48, 10229, 65),
(1236, 34.65, 33, 10229, 68),
(1237, 78.97, 25, 10229, 85),
(1238, 49.78, 23, 10229, 88),
(1239, 52.36, 30, 10229, 90),
(1240, 91.04, 50, 10229, 103),
(1241, 128.42, 43, 10230, 11),
(1242, 153.91, 49, 10230, 26),
(1243, 142.18, 42, 10230, 49),
(1244, 47.4, 36, 10230, 57),
(1245, 99.36, 45, 10230, 81),
(1246, 59.03, 46, 10230, 89),
(1247, 100.7, 34, 10230, 94),
(1248, 57.41, 43, 10230, 95),
(1249, 193.25, 42, 10231, 8),
(1250, 147.07, 49, 10231, 13),
(1251, 133.86, 22, 10232, 39),
(1252, 97.81, 48, 10232, 42),
(1253, 78.12, 23, 10232, 51),
(1254, 113.06, 46, 10232, 63),
(1255, 84.88, 26, 10232, 99),
(1256, 86.15, 48, 10232, 106),
(1257, 81.43, 35, 10232, 107),
(1258, 48.59, 24, 10232, 110),
(1259, 70.81, 40, 10233, 72),
(1260, 66, 36, 10233, 97),
(1261, 67.94, 29, 10233, 102),
(1262, 118.32, 48, 10234, 5),
(1263, 146.65, 50, 10234, 22),
(1264, 84.3, 48, 10234, 37),
(1265, 85.75, 39, 10234, 48),
(1266, 67.14, 44, 10234, 69),
(1267, 65.09, 25, 10234, 75),
(1268, 78.83, 31, 10234, 77),
(1269, 83.28, 29, 10234, 100),
(1270, 45.69, 40, 10234, 109),
(1271, 81.95, 24, 10235, 31),
(1272, 89.72, 23, 10235, 60),
(1273, 55.27, 33, 10235, 79),
(1274, 63.03, 40, 10235, 83),
(1275, 90.9, 41, 10235, 86),
(1276, 66.73, 34, 10235, 91),
(1277, 37.09, 41, 10235, 93),
(1278, 88.6, 25, 10235, 98),
(1279, 92.74, 38, 10235, 101),
(1280, 116.28, 25, 10235, 104),
(1281, 73.6, 32, 10235, 105),
(1282, 70.33, 34, 10235, 108),
(1283, 105.86, 22, 10236, 3),
(1284, 52.7, 23, 10236, 32),
(1285, 65.51, 36, 10236, 62),
(1286, 91.87, 23, 10237, 1),
(1287, 158.8, 39, 10237, 4),
(1288, 129.53, 32, 10237, 10),
(1289, 49.74, 26, 10237, 47),
(1290, 109.32, 20, 10237, 58),
(1291, 62.33, 26, 10237, 66),
(1292, 35, 26, 10237, 87),
(1293, 94.91, 27, 10237, 92),
(1294, 78.92, 20, 10237, 96),
(1295, 161.49, 28, 10238, 7),
(1296, 104.52, 29, 10238, 12),
(1297, 73.42, 20, 10238, 14),
(1298, 68.35, 41, 10238, 43),
(1299, 144.05, 49, 10238, 45),
(1300, 120.53, 44, 10238, 54),
(1301, 53.88, 47, 10238, 74),
(1302, 67.91, 22, 10238, 84),
(1303, 100.19, 21, 10239, 16),
(1304, 70.07, 46, 10239, 24),
(1305, 135.47, 47, 10239, 40),
(1306, 32.47, 20, 10239, 71),
(1307, 133.41, 29, 10239, 78),
(1308, 125.97, 41, 10240, 18),
(1309, 136.56, 37, 10240, 25),
(1310, 134.22, 37, 10240, 46),
(1311, 119.46, 21, 10241, 21),
(1312, 153, 41, 10241, 23),
(1313, 55.7, 33, 10241, 27),
(1314, 126.72, 44, 10241, 34),
(1315, 77.31, 42, 10241, 50),
(1316, 62.72, 30, 10241, 55),
(1317, 72.02, 22, 10241, 56),
(1318, 47.29, 21, 10241, 59),
(1319, 89.05, 47, 10241, 67),
(1320, 117.44, 28, 10241, 70),
(1321, 69.34, 26, 10241, 73),
(1322, 107.08, 27, 10241, 76),
(1323, 36.52, 46, 10242, 80),
(1324, 111.87, 47, 10243, 29),
(1325, 30.87, 33, 10243, 61),
(1326, 99.66, 40, 10244, 19),
(1327, 48.52, 20, 10244, 20),
(1328, 141.75, 43, 10244, 33),
(1329, 87.13, 30, 10244, 35),
(1330, 54.96, 24, 10244, 36),
(1331, 85.87, 29, 10244, 38),
(1332, 87.3, 36, 10244, 44),
(1333, 42.11, 39, 10244, 64),
(1334, 97.39, 40, 10244, 82),
(1335, 195.01, 34, 10245, 2),
(1336, 147.74, 28, 10245, 6),
(1337, 120.27, 38, 10245, 9),
(1338, 114.34, 29, 10245, 17),
(1339, 111.39, 21, 10245, 52),
(1340, 48.8, 45, 10245, 53),
(1341, 81.86, 37, 10245, 85),
(1342, 54.94, 44, 10245, 90),
(1343, 81.93, 44, 10245, 103),
(1344, 99.54, 46, 10246, 15),
(1345, 144.08, 40, 10246, 26),
(1346, 100.64, 22, 10246, 28),
(1347, 57.73, 30, 10246, 30),
(1348, 145.63, 36, 10246, 40),
(1349, 46.24, 44, 10246, 57),
(1350, 118.84, 29, 10246, 65),
(1351, 34.65, 49, 10246, 68),
(1352, 100.54, 46, 10246, 81),
(1353, 45.45, 35, 10246, 88),
(1354, 113.44, 22, 10246, 94),
(1355, 195.33, 44, 10247, 8),
(1356, 140.5, 25, 10247, 11),
(1357, 167.83, 27, 10247, 13),
(1358, 143.62, 48, 10247, 49),
(1359, 58.41, 40, 10247, 89),
(1360, 51.55, 49, 10247, 95),
(1361, 126.48, 20, 10248, 5),
(1362, 80.86, 21, 10248, 37),
(1363, 133.86, 32, 10248, 39),
(1364, 95.8, 42, 10248, 42),
(1365, 87.77, 42, 10248, 51),
(1366, 122.89, 48, 10248, 63),
(1367, 85.85, 30, 10248, 72),
(1368, 83.02, 23, 10248, 77),
(1369, 66, 36, 10248, 97),
(1370, 81.41, 40, 10248, 99),
(1371, 69.39, 32, 10248, 102),
(1372, 84.14, 30, 10248, 106),
(1373, 92.36, 35, 10248, 107),
(1374, 53.51, 23, 10248, 110),
(1375, 88.93, 46, 10249, 48),
(1376, 54.81, 20, 10249, 69),
(1377, 65.75, 25, 10249, 75),
(1378, 85.99, 40, 10249, 100),
(1379, 49.16, 32, 10249, 109),
(1380, 148.23, 45, 10250, 22),
(1381, 84.48, 27, 10250, 31),
(1382, 95.2, 31, 10250, 60),
(1383, 63.22, 32, 10250, 62),
(1384, 61.42, 40, 10250, 79),
(1385, 72.45, 37, 10250, 83),
(1386, 99.89, 31, 10250, 86),
(1387, 62.6, 50, 10250, 91),
(1388, 36.66, 36, 10250, 93),
(1389, 91.34, 31, 10250, 98),
(1390, 90.75, 35, 10250, 101),
(1391, 98.48, 44, 10250, 104),
(1392, 76, 44, 10250, 105),
(1393, 65.89, 38, 10250, 108),
(1394, 93.79, 59, 10251, 1),
(1395, 115.37, 44, 10251, 3),
(1396, 172.36, 43, 10251, 4),
(1397, 129.53, 46, 10251, 10),
(1398, 58.15, 44, 10251, 32),
(1399, 91.29, 50, 10251, 58),
(1400, 74.78, 20, 10252, 43),
(1401, 145.52, 41, 10252, 45),
(1402, 50.36, 31, 10252, 47),
(1403, 127.97, 26, 10252, 54),
(1404, 63.03, 47, 10252, 66),
(1405, 69.52, 38, 10252, 84),
(1406, 36.21, 36, 10252, 87),
(1407, 93.89, 25, 10252, 92),
(1408, 72.41, 48, 10252, 96),
(1409, 157.6, 24, 10253, 7),
(1410, 102.17, 22, 10253, 12),
(1411, 67.03, 25, 10253, 14),
(1412, 109.4, 41, 10253, 16),
(1413, 130.22, 26, 10253, 18),
(1414, 103.29, 24, 10253, 21),
(1415, 67.76, 23, 10253, 24),
(1416, 130.87, 33, 10253, 25),
(1417, 114.84, 37, 10253, 34),
(1418, 145.63, 40, 10253, 40),
(1419, 139.87, 31, 10253, 46),
(1420, 34.74, 40, 10253, 71),
(1421, 50.82, 24, 10253, 74),
(1422, 115.15, 39, 10253, 78),
(1423, 137.7, 49, 10254, 23),
(1424, 55.09, 36, 10254, 27),
(1425, 102.98, 41, 10254, 29),
(1426, 80.99, 34, 10254, 50),
(1427, 59.87, 30, 10254, 55),
(1428, 66.88, 34, 10254, 56),
(1429, 43.27, 32, 10254, 59),
(1430, 28.88, 38, 10254, 61),
(1431, 85.42, 31, 10254, 67),
(1432, 111.57, 33, 10254, 70),
(1433, 69.34, 42, 10254, 73),
(1434, 101.73, 49, 10254, 76),
(1435, 39.8, 20, 10254, 80),
(1436, 135, 24, 10255, 33),
(1437, 37.63, 37, 10255, 64),
(1438, 93.49, 34, 10256, 19),
(1439, 52.83, 29, 10256, 20),
(1440, 92.19, 50, 10257, 35),
(1441, 59.34, 49, 10257, 36),
(1442, 83.78, 37, 10257, 38),
(1443, 91.27, 26, 10257, 44),
(1444, 81.81, 46, 10257, 82),
(1445, 177.87, 32, 10258, 2),
(1446, 133.94, 41, 10258, 9),
(1447, 113.17, 41, 10258, 17),
(1448, 49.81, 21, 10258, 53),
(1449, 62.7, 20, 10258, 90),
(1450, 86.99, 45, 10258, 103),
(1451, 121.15, 26, 10259, 6),
(1452, 117.32, 46, 10259, 15),
(1453, 134.26, 30, 10259, 26),
(1454, 120.28, 34, 10259, 28),
(1455, 59.55, 30, 10259, 30),
(1456, 152.41, 27, 10259, 40),
(1457, 107.76, 41, 10259, 52),
(1458, 46.82, 28, 10259, 57),
(1459, 121.4, 47, 10259, 65),
(1460, 31.47, 31, 10259, 68),
(1461, 95.35, 45, 10259, 85),
(1462, 45.99, 40, 10259, 88),
(1463, 105.33, 29, 10259, 94),
(1464, 180.79, 46, 10260, 8),
(1465, 140.5, 30, 10260, 11),
(1466, 169.56, 44, 10260, 13),
(1467, 121.57, 32, 10260, 39),
(1468, 92.77, 29, 10260, 42),
(1469, 137.88, 23, 10260, 49),
(1470, 117.1, 23, 10260, 81),
(1471, 55.3, 27, 10260, 89),
(1472, 56.24, 21, 10260, 95),
(1473, 80.55, 33, 10260, 99),
(1474, 116.96, 27, 10261, 5),
(1475, 80.75, 20, 10261, 51),
(1476, 105.69, 36, 10261, 63),
(1477, 79.66, 22, 10261, 72),
(1478, 64, 34, 10261, 97),
(1479, 58.55, 44, 10261, 102),
(1480, 89.15, 25, 10261, 106),
(1481, 88.39, 50, 10261, 107),
(1482, 43.68, 29, 10261, 110),
(1483, 157.69, 49, 10262, 22),
(1484, 81.72, 32, 10262, 37),
(1485, 85.75, 34, 10262, 48),
(1486, 98.48, 34, 10262, 60),
(1487, 63.71, 24, 10262, 69),
(1488, 65.75, 46, 10262, 75),
(1489, 82.18, 49, 10262, 77),
(1490, 58.69, 48, 10262, 79),
(1491, 63.97, 40, 10262, 91),
(1492, 35.78, 49, 10262, 93),
(1493, 87.69, 40, 10262, 98),
(1494, 83.28, 44, 10262, 100),
(1495, 81.77, 33, 10262, 101),
(1496, 64.8, 27, 10262, 105),
(1497, 64.41, 35, 10262, 108),
(1498, 41.71, 21, 10262, 109),
(1499, 89, 34, 10263, 1),
(1500, 107.05, 40, 10263, 3),
(1501, 193.66, 41, 10263, 4),
(1502, 123.51, 48, 10263, 10),
(1503, 67.58, 33, 10263, 31),
(1504, 50.27, 34, 10263, 32),
(1505, 109.32, 42, 10263, 58),
(1506, 67.03, 37, 10263, 62),
(1507, 59.41, 24, 10263, 83),
(1508, 93.9, 31, 10263, 86),
(1509, 117.46, 47, 10263, 104),
(1510, 58.44, 48, 10264, 47),
(1511, 124.99, 20, 10264, 54),
(1512, 61.64, 37, 10264, 66),
(1513, 75.18, 47, 10264, 84),
(1514, 39.02, 20, 10264, 87),
(1515, 100.01, 34, 10264, 92),
(1516, 67.53, 47, 10264, 96),
(1517, 74.78, 45, 10265, 43),
(1518, 123.47, 49, 10265, 45),
(1519, 188.73, 44, 10266, 7),
(1520, 110.39, 22, 10266, 12),
(1521, 67.83, 35, 10266, 14),
(1522, 112.86, 40, 10266, 16),
(1523, 131.63, 21, 10266, 18),
(1524, 99.55, 36, 10266, 21),
(1525, 77, 33, 10266, 24),
(1526, 139.41, 49, 10266, 25),
(1527, 113.52, 20, 10266, 34),
(1528, 137.17, 29, 10266, 40),
(1529, 127.15, 33, 10266, 46),
(1530, 40.25, 28, 10266, 59),
(1531, 35.12, 34, 10266, 71),
(1532, 56.33, 47, 10266, 74),
(1533, 119.37, 24, 10266, 78),
(1534, 71.27, 36, 10267, 55),
(1535, 72.02, 40, 10267, 56),
(1536, 76.33, 38, 10267, 67),
(1537, 93.95, 43, 10267, 70),
(1538, 83.9, 44, 10267, 73),
(1539, 98.51, 43, 10267, 76),
(1540, 93.49, 49, 10268, 19),
(1541, 45.82, 26, 10268, 20),
(1542, 164.9, 34, 10268, 23),
(1543, 60.54, 31, 10268, 27),
(1544, 124.59, 50, 10268, 29),
(1545, 148.5, 35, 10268, 33),
(1546, 96.23, 39, 10268, 44),
(1547, 84.67, 35, 10268, 50),
(1548, 31.86, 33, 10268, 61),
(1549, 36.29, 40, 10268, 64),
(1550, 37.75, 30, 10268, 80),
(1551, 57.46, 32, 10269, 36),
(1552, 95.44, 48, 10269, 82),
(1553, 171.44, 21, 10270, 2),
(1554, 124.1, 32, 10270, 6),
(1555, 135.3, 28, 10270, 9),
(1556, 94.5, 43, 10270, 17),
(1557, 81.05, 31, 10270, 35),
(1558, 85.87, 38, 10270, 38),
(1559, 107.76, 38, 10270, 52),
(1560, 40.25, 44, 10270, 53),
(1561, 93.42, 32, 10270, 85),
(1562, 52.36, 21, 10270, 90),
(1563, 101.15, 46, 10270, 103),
(1564, 99.54, 31, 10271, 15),
(1565, 147.36, 50, 10271, 26),
(1566, 121.5, 50, 10271, 28),
(1567, 59.55, 25, 10271, 30),
(1568, 169.34, 20, 10271, 40),
(1569, 49.71, 45, 10271, 57),
(1570, 122.68, 43, 10271, 65),
(1571, 28.64, 38, 10271, 68),
(1572, 110, 22, 10271, 81),
(1573, 51.95, 35, 10271, 88),
(1574, 93.76, 34, 10271, 94),
(1575, 187.02, 35, 10272, 8),
(1576, 123.89, 27, 10272, 11),
(1577, 148.8, 39, 10272, 13),
(1578, 126.39, 25, 10272, 49),
(1579, 56.55, 45, 10272, 89),
(1580, 53.89, 43, 10272, 95),
(1581, 136, 30, 10273, 5),
(1582, 84.3, 34, 10273, 37),
(1583, 117.47, 40, 10273, 39),
(1584, 87.73, 47, 10273, 42),
(1585, 105.87, 50, 10273, 48),
(1586, 72.85, 33, 10273, 51),
(1587, 103.23, 22, 10273, 63),
(1588, 84.08, 27, 10273, 72),
(1589, 83.86, 48, 10273, 77),
(1590, 66, 21, 10273, 97),
(1591, 77.95, 21, 10273, 99),
(1592, 57.82, 42, 10273, 102),
(1593, 91.15, 40, 10273, 106),
(1594, 89.38, 26, 10273, 107),
(1595, 51.32, 37, 10273, 110),
(1596, 129.31, 41, 10274, 22),
(1597, 56.86, 40, 10274, 69),
(1598, 65.09, 24, 10274, 75),
(1599, 75.13, 24, 10274, 100),
(1600, 49.66, 32, 10274, 109),
(1601, 81.35, 45, 10275, 1),
(1602, 115.37, 22, 10275, 3),
(1603, 154.93, 36, 10275, 4),
(1604, 70.12, 35, 10275, 31),
(1605, 52.09, 37, 10275, 32),
(1606, 105.94, 21, 10275, 58),
(1607, 97.38, 25, 10275, 60),
(1608, 61.7, 30, 10275, 62),
(1609, 58, 41, 10275, 79),
(1610, 67.38, 27, 10275, 83),
(1611, 89.9, 23, 10275, 86),
(1612, 58.47, 28, 10275, 91),
(1613, 40.15, 38, 10275, 93),
(1614, 85.86, 32, 10275, 98),
(1615, 82.77, 39, 10275, 101),
(1616, 102.04, 48, 10275, 104),
(1617, 72, 43, 10275, 105),
(1618, 59.96, 31, 10275, 108),
(1619, 184.84, 50, 10276, 7),
(1620, 150.62, 43, 10276, 10),
(1621, 104.52, 47, 10276, 12),
(1622, 67.83, 38, 10276, 14),
(1623, 78, 38, 10276, 43),
(1624, 139.64, 30, 10276, 45),
(1625, 54.71, 33, 10276, 47),
(1626, 120.53, 48, 10276, 54),
(1627, 61.64, 46, 10276, 66),
(1628, 58.17, 20, 10276, 74),
(1629, 67.1, 48, 10276, 84),
(1630, 35.4, 27, 10276, 87),
(1631, 94.91, 38, 10276, 92),
(1632, 67.53, 21, 10276, 96),
(1633, 93.28, 28, 10277, 16),
(1634, 114.65, 34, 10278, 18),
(1635, 107.02, 23, 10278, 21),
(1636, 73.15, 29, 10278, 24),
(1637, 118.07, 29, 10278, 25),
(1638, 117.48, 39, 10278, 34),
(1639, 167.65, 42, 10278, 40),
(1640, 114.44, 31, 10278, 46),
(1641, 48.8, 35, 10278, 59),
(1642, 37.38, 31, 10278, 71),
(1643, 136.22, 25, 10278, 78),
(1644, 68.42, 26, 10279, 55),
(1645, 68.35, 32, 10279, 56),
(1646, 76.33, 49, 10279, 67),
(1647, 106.87, 48, 10279, 70),
(1648, 78.76, 33, 10279, 73),
(1649, 95.3, 48, 10279, 76),
(1650, 205.73, 34, 10280, 2),
(1651, 98, 24, 10280, 17),
(1652, 87.33, 50, 10280, 19),
(1653, 47.44, 27, 10280, 20),
(1654, 161.5, 26, 10280, 23),
(1655, 53.28, 25, 10280, 27),
(1656, 109.33, 37, 10280, 29),
(1657, 158.63, 22, 10280, 33),
(1658, 82.06, 46, 10280, 35),
(1659, 54.34, 43, 10280, 36),
(1660, 102.63, 29, 10280, 38),
(1661, 99.21, 34, 10280, 44),
(1662, 77.31, 35, 10280, 50),
(1663, 29.87, 20, 10280, 61),
(1664, 36.29, 45, 10280, 64),
(1665, 35.29, 33, 10280, 80),
(1666, 79.86, 21, 10280, 82),
(1667, 132.97, 44, 10281, 6),
(1668, 127.1, 25, 10281, 9),
(1669, 98.36, 41, 10281, 15),
(1670, 114.14, 48, 10281, 28),
(1671, 56.52, 29, 10281, 30),
(1672, 135.47, 25, 10281, 40),
(1673, 96.86, 25, 10281, 52),
(1674, 42.76, 44, 10281, 53),
(1675, 112.46, 25, 10281, 65),
(1676, 33.95, 20, 10281, 68),
(1677, 80.9, 29, 10281, 85),
(1678, 44.91, 31, 10281, 88),
(1679, 59.47, 36, 10281, 90),
(1680, 89.01, 27, 10281, 103),
(1681, 176.63, 41, 10282, 8),
(1682, 142.02, 27, 10282, 11),
(1683, 169.56, 24, 10282, 13),
(1684, 147.36, 23, 10282, 26),
(1685, 122.93, 43, 10282, 39),
(1686, 88.74, 36, 10282, 42),
(1687, 132.13, 31, 10282, 49),
(1688, 49.71, 29, 10282, 57),
(1689, 96.99, 39, 10282, 81),
(1690, 51.58, 36, 10282, 89),
(1691, 114.59, 38, 10282, 94),
(1692, 56.24, 37, 10282, 95),
(1693, 77.95, 43, 10282, 99),
(1694, 130.56, 25, 10283, 5),
(1695, 78.28, 21, 10283, 37),
(1696, 100.58, 46, 10283, 48),
(1697, 71.97, 34, 10283, 51),
(1698, 99.54, 42, 10283, 63),
(1699, 80.54, 34, 10283, 72),
(1700, 77.15, 33, 10283, 77),
(1701, 62, 45, 10283, 97),
(1702, 74.23, 20, 10283, 100),
(1703, 68.67, 47, 10283, 102),
(1704, 88.15, 22, 10283, 106),
(1705, 85.41, 38, 10283, 107),
(1706, 41.22, 43, 10283, 109),
(1707, 49.14, 33, 10283, 110),
(1708, 137.19, 45, 10284, 22),
(1709, 68.43, 31, 10284, 31),
(1710, 101.76, 22, 10284, 60),
(1711, 65.08, 30, 10284, 69),
(1712, 59.83, 39, 10284, 75),
(1713, 65.51, 21, 10284, 79),
(1714, 66.65, 21, 10284, 83),
(1715, 60.54, 50, 10284, 91),
(1716, 35.78, 33, 10284, 93),
(1717, 87.69, 24, 10284, 98),
(1718, 95.73, 45, 10284, 101),
(1719, 68, 25, 10284, 105),
(1720, 73.29, 32, 10284, 108),
(1721, 95.7, 36, 10285, 1),
(1722, 110.61, 47, 10285, 3),
(1723, 166.55, 27, 10285, 4),
(1724, 131.04, 49, 10285, 10),
(1725, 50.88, 20, 10285, 32),
(1726, 91.29, 34, 10285, 58),
(1727, 61.7, 39, 10285, 62),
(1728, 64.41, 38, 10285, 66),
(1729, 82.91, 37, 10285, 86),
(1730, 36.61, 37, 10285, 87),
(1731, 100.01, 26, 10285, 92),
(1732, 76.48, 39, 10285, 96),
(1733, 102.04, 45, 10285, 104),
(1734, 51.6, 38, 10286, 47),
(1735, 190.68, 21, 10287, 7),
(1736, 117.44, 45, 10287, 12),
(1737, 74.21, 41, 10287, 14),
(1738, 107.1, 23, 10287, 16),
(1739, 113.23, 41, 10287, 18),
(1740, 61.6, 44, 10287, 24),
(1741, 123.76, 24, 10287, 25),
(1742, 114.84, 44, 10287, 34),
(1743, 137.17, 36, 10287, 40),
(1744, 68.35, 43, 10287, 43),
(1745, 127.88, 40, 10287, 45),
(1746, 139.87, 27, 10287, 46),
(1747, 119.04, 34, 10287, 54),
(1748, 31.34, 36, 10287, 71),
(1749, 58.17, 20, 10287, 74),
(1750, 137.62, 36, 10287, 78),
(1751, 79.22, 40, 10287, 84),
(1752, 120.71, 20, 10288, 21),
(1753, 168.3, 32, 10288, 23),
(1754, 50.25, 28, 10288, 27),
(1755, 102.98, 31, 10288, 29),
(1756, 90.19, 35, 10288, 50),
(1757, 57.02, 23, 10288, 55),
(1758, 66.88, 36, 10288, 56),
(1759, 49.3, 50, 10288, 59),
(1760, 32.19, 29, 10288, 61),
(1761, 81.78, 35, 10288, 67),
(1762, 109.22, 48, 10288, 70),
(1763, 76.19, 34, 10288, 73),
(1764, 101.73, 41, 10288, 76),
(1765, 37.75, 33, 10288, 80),
(1766, 92.47, 38, 10289, 19),
(1767, 44.75, 24, 10289, 20),
(1768, 141.75, 43, 10289, 33),
(1769, 41.22, 45, 10289, 64),
(1770, 80.36, 26, 10290, 44),
(1771, 83.76, 45, 10290, 82),
(1772, 210.01, 37, 10291, 2),
(1773, 141.83, 30, 10291, 6),
(1774, 123, 41, 10291, 9),
(1775, 96.84, 41, 10291, 17),
(1776, 52.26, 26, 10291, 30),
(1777, 99.28, 47, 10291, 35),
(1778, 56.21, 37, 10291, 36),
(1779, 93.2, 23, 10291, 38),
(1780, 96.86, 48, 10291, 52),
(1781, 45.28, 29, 10291, 53),
(1782, 109.9, 48, 10291, 65),
(1783, 82.83, 26, 10291, 85),
(1784, 53, 32, 10291, 90),
(1785, 86.99, 28, 10291, 103),
(1786, 94.8, 21, 10292, 15),
(1787, 140.81, 26, 10292, 26),
(1788, 103.09, 41, 10292, 28),
(1789, 147.33, 21, 10292, 40),
(1790, 114.9, 44, 10292, 49),
(1791, 48.55, 40, 10292, 57),
(1792, 34.3, 39, 10292, 68),
(1793, 113.55, 27, 10292, 81),
(1794, 54.11, 50, 10292, 88),
(1795, 59.65, 31, 10292, 89),
(1796, 113.44, 41, 10292, 94),
(1797, 49.79, 35, 10292, 95),
(1798, 187.02, 46, 10293, 8),
(1799, 129.93, 24, 10293, 11),
(1800, 171.29, 45, 10293, 13),
(1801, 110.64, 24, 10293, 39),
(1802, 91.76, 22, 10293, 42),
(1803, 72.85, 49, 10293, 51),
(1804, 111.83, 21, 10293, 63),
(1805, 77.95, 29, 10293, 99),
(1806, 51.32, 32, 10293, 110),
(1807, 98.32, 45, 10294, 107),
(1808, 136, 24, 10295, 5),
(1809, 84.08, 46, 10295, 72);
INSERT INTO `order_details` (`id`, `price_each`, `quantity_order`, `order_id`, `product_id`) VALUES
(1810, 62, 26, 10295, 97),
(1811, 71.56, 44, 10295, 102),
(1812, 93.16, 34, 10295, 106),
(1813, 146.65, 36, 10296, 22),
(1814, 69.68, 21, 10296, 37),
(1815, 105.87, 22, 10296, 48),
(1816, 60.97, 21, 10296, 69),
(1817, 63.78, 31, 10296, 75),
(1818, 83.02, 22, 10296, 77),
(1819, 63.46, 32, 10296, 79),
(1820, 41.02, 26, 10296, 93),
(1821, 75.81, 42, 10296, 98),
(1822, 89.61, 34, 10296, 100),
(1823, 96.73, 24, 10296, 101),
(1824, 74.4, 22, 10296, 105),
(1825, 61.44, 47, 10296, 108),
(1826, 46.68, 21, 10296, 109),
(1827, 81.95, 25, 10297, 31),
(1828, 107.23, 32, 10297, 60),
(1829, 70.08, 32, 10297, 62),
(1830, 71.73, 23, 10297, 83),
(1831, 88.9, 26, 10297, 86),
(1832, 63.29, 28, 10297, 91),
(1833, 111.53, 35, 10297, 104),
(1834, 105.86, 39, 10298, 3),
(1835, 60.57, 32, 10298, 32),
(1836, 76.56, 23, 10299, 1),
(1837, 164.61, 29, 10299, 4),
(1838, 123.51, 24, 10299, 10),
(1839, 62.17, 39, 10299, 47),
(1840, 119.04, 49, 10299, 54),
(1841, 107.07, 47, 10299, 58),
(1842, 58.87, 33, 10299, 66),
(1843, 66.29, 32, 10299, 84),
(1844, 36.21, 24, 10299, 87),
(1845, 84.7, 38, 10299, 92),
(1846, 77.29, 44, 10299, 96),
(1847, 184.84, 33, 10300, 7),
(1848, 116.27, 29, 10300, 12),
(1849, 76.61, 22, 10300, 14),
(1850, 95.58, 23, 10300, 16),
(1851, 63.14, 41, 10300, 24),
(1852, 65.94, 49, 10300, 43),
(1853, 144.05, 23, 10300, 45),
(1854, 52.05, 31, 10300, 74),
(1855, 114.65, 37, 10301, 18),
(1856, 118.22, 32, 10301, 21),
(1857, 119.49, 47, 10301, 25),
(1858, 113.52, 22, 10301, 34),
(1859, 135.47, 23, 10301, 40),
(1860, 137.04, 39, 10301, 46),
(1861, 64.67, 27, 10301, 56),
(1862, 40.75, 22, 10301, 59),
(1863, 32.1, 48, 10301, 71),
(1864, 86.73, 22, 10301, 76),
(1865, 122.17, 50, 10301, 78),
(1866, 166.6, 43, 10302, 23),
(1867, 82.83, 38, 10302, 50),
(1868, 70.56, 23, 10302, 55),
(1869, 75.42, 49, 10302, 67),
(1870, 104.52, 45, 10302, 70),
(1871, 74.48, 48, 10302, 73),
(1872, 56.91, 46, 10303, 27),
(1873, 35.7, 24, 10303, 80),
(1874, 201.44, 47, 10304, 2),
(1875, 117.54, 39, 10304, 9),
(1876, 106.17, 46, 10304, 17),
(1877, 95.55, 37, 10304, 19),
(1878, 46.9, 37, 10304, 20),
(1879, 102.98, 24, 10304, 29),
(1880, 141.75, 20, 10304, 33),
(1881, 98.27, 46, 10304, 35),
(1882, 54.34, 24, 10304, 36),
(1883, 90.06, 26, 10304, 38),
(1884, 95.24, 38, 10304, 44),
(1885, 44.27, 34, 10304, 53),
(1886, 29.21, 23, 10304, 61),
(1887, 42.11, 44, 10304, 64),
(1888, 80.83, 33, 10304, 82),
(1889, 52.36, 36, 10304, 90),
(1890, 80.92, 40, 10304, 103),
(1891, 130.01, 38, 10305, 6),
(1892, 107.84, 38, 10305, 15),
(1893, 132.62, 27, 10305, 26),
(1894, 117.82, 36, 10305, 28),
(1895, 58.95, 41, 10305, 30),
(1896, 160.87, 37, 10305, 40),
(1897, 112.6, 22, 10305, 52),
(1898, 48.55, 45, 10305, 57),
(1899, 107.34, 24, 10305, 65),
(1900, 30.76, 48, 10305, 68),
(1901, 118.28, 36, 10305, 81),
(1902, 94.38, 28, 10305, 85),
(1903, 48.7, 40, 10305, 88),
(1904, 109.96, 42, 10305, 94),
(1905, 182.86, 31, 10306, 8),
(1906, 145.04, 34, 10306, 11),
(1907, 145.34, 20, 10306, 13),
(1908, 114.74, 32, 10306, 39),
(1909, 83.7, 40, 10306, 42),
(1910, 126.39, 23, 10306, 49),
(1911, 85.14, 39, 10306, 51),
(1912, 109.37, 29, 10306, 63),
(1913, 76.12, 31, 10306, 72),
(1914, 60.28, 46, 10306, 89),
(1915, 51.55, 34, 10306, 95),
(1916, 61.34, 50, 10306, 97),
(1917, 73.62, 38, 10306, 99),
(1918, 62.16, 43, 10306, 102),
(1919, 99.17, 32, 10306, 106),
(1920, 87.39, 30, 10306, 107),
(1921, 48.05, 35, 10306, 110),
(1922, 118.32, 22, 10307, 5),
(1923, 135.61, 39, 10307, 22),
(1924, 71.4, 31, 10307, 37),
(1925, 92.11, 48, 10307, 48),
(1926, 58.23, 25, 10307, 69),
(1927, 64.44, 22, 10307, 75),
(1928, 75.47, 22, 10307, 77),
(1929, 81.47, 34, 10307, 100),
(1930, 44.2, 34, 10307, 109),
(1931, 115.37, 34, 10308, 3),
(1932, 187.85, 20, 10308, 4),
(1933, 81.95, 27, 10308, 31),
(1934, 48.46, 34, 10308, 32),
(1935, 99.57, 31, 10308, 60),
(1936, 68.55, 47, 10308, 62),
(1937, 58, 43, 10308, 79),
(1938, 71.73, 44, 10308, 83),
(1939, 99.89, 24, 10308, 86),
(1940, 61.22, 46, 10308, 91),
(1941, 37.09, 47, 10308, 93),
(1942, 73.07, 21, 10308, 98),
(1943, 88.75, 35, 10308, 101),
(1944, 100.85, 31, 10308, 104),
(1945, 79.2, 21, 10308, 105),
(1946, 62.93, 39, 10308, 108),
(1947, 94.74, 41, 10309, 1),
(1948, 144.6, 26, 10309, 10),
(1949, 96.92, 21, 10309, 58),
(1950, 59.56, 24, 10309, 66),
(1951, 93.89, 50, 10309, 92),
(1952, 74.04, 28, 10309, 96),
(1953, 165.38, 33, 10310, 7),
(1954, 105.7, 24, 10310, 12),
(1955, 77.41, 49, 10310, 14),
(1956, 101.34, 25, 10310, 16),
(1957, 128.8, 37, 10310, 18),
(1958, 66.99, 20, 10310, 24),
(1959, 129.45, 24, 10310, 25),
(1960, 159.18, 48, 10310, 40),
(1961, 70.76, 27, 10310, 43),
(1962, 122, 49, 10310, 45),
(1963, 59.06, 42, 10310, 47),
(1964, 133.92, 40, 10310, 54),
(1965, 33.23, 33, 10310, 71),
(1966, 50.21, 38, 10310, 74),
(1967, 139.03, 45, 10310, 78),
(1968, 75.18, 49, 10310, 84),
(1969, 38.62, 36, 10310, 87),
(1970, 124.44, 29, 10311, 21),
(1971, 114.84, 43, 10311, 34),
(1972, 134.22, 32, 10311, 46),
(1973, 92.03, 41, 10311, 50),
(1974, 66.99, 25, 10311, 55),
(1975, 70.55, 26, 10311, 56),
(1976, 48.8, 45, 10311, 59),
(1977, 89.05, 28, 10311, 67),
(1978, 116.27, 43, 10311, 70),
(1979, 85.61, 25, 10311, 73),
(1980, 91.02, 46, 10311, 76),
(1981, 214.3, 48, 10312, 2),
(1982, 101.5, 32, 10312, 17),
(1983, 102.74, 43, 10312, 19),
(1984, 43.67, 25, 10312, 20),
(1985, 146.2, 48, 10312, 23),
(1986, 48.43, 30, 10312, 27),
(1987, 111.87, 31, 10312, 29),
(1988, 150.19, 25, 10312, 33),
(1989, 91.18, 37, 10312, 35),
(1990, 54.34, 35, 10312, 36),
(1991, 93.2, 38, 10312, 38),
(1992, 84.33, 33, 10312, 44),
(1993, 44.27, 39, 10312, 53),
(1994, 27.88, 39, 10312, 61),
(1995, 43.46, 23, 10312, 64),
(1996, 40.21, 31, 10312, 80),
(1997, 96.42, 44, 10312, 82),
(1998, 141.83, 40, 10313, 6),
(1999, 131.2, 21, 10313, 9),
(2000, 109.23, 29, 10313, 28),
(2001, 52.87, 34, 10313, 30),
(2002, 143.94, 25, 10313, 40),
(2003, 110.18, 28, 10313, 52),
(2004, 102.23, 42, 10313, 65),
(2005, 96.31, 27, 10313, 85),
(2006, 48.7, 38, 10313, 88),
(2007, 55.59, 34, 10313, 90),
(2008, 96.09, 30, 10313, 103),
(2009, 176.63, 38, 10314, 8),
(2010, 125.4, 46, 10314, 11),
(2011, 169.56, 36, 10314, 13),
(2012, 95.99, 45, 10314, 15),
(2013, 135.9, 42, 10314, 26),
(2014, 129.76, 20, 10314, 39),
(2015, 84.71, 23, 10314, 42),
(2016, 129.26, 29, 10314, 49),
(2017, 51.44, 44, 10314, 57),
(2018, 31.82, 39, 10314, 68),
(2019, 111.18, 38, 10314, 81),
(2020, 58.41, 35, 10314, 89),
(2021, 115.75, 28, 10314, 94),
(2022, 50.38, 38, 10314, 95),
(2023, 83.15, 23, 10314, 99),
(2024, 78.12, 36, 10315, 51),
(2025, 111.83, 35, 10315, 63),
(2026, 78.77, 24, 10315, 72),
(2027, 60.67, 41, 10315, 97),
(2028, 99.17, 31, 10315, 106),
(2029, 88.39, 37, 10315, 107),
(2030, 51.32, 40, 10315, 110),
(2031, 126.48, 33, 10316, 5),
(2032, 140.34, 27, 10316, 22),
(2033, 72.26, 21, 10316, 37),
(2034, 89.99, 47, 10316, 48),
(2035, 93.01, 25, 10316, 60),
(2036, 67.14, 34, 10316, 69),
(2037, 55.23, 47, 10316, 75),
(2038, 77.15, 25, 10316, 77),
(2039, 67.56, 30, 10316, 79),
(2040, 59.16, 24, 10316, 91),
(2041, 36.66, 34, 10316, 93),
(2042, 74.9, 34, 10316, 98),
(2043, 73.32, 45, 10316, 100),
(2044, 85.76, 23, 10316, 101),
(2045, 67.22, 48, 10316, 102),
(2046, 77.6, 48, 10316, 105),
(2047, 68.11, 44, 10316, 108),
(2048, 43.7, 34, 10316, 109),
(2049, 69.55, 35, 10317, 83),
(2050, 84.22, 46, 10318, 1),
(2051, 102.29, 45, 10318, 3),
(2052, 189.79, 37, 10318, 4),
(2053, 81.95, 31, 10318, 31),
(2054, 49.67, 42, 10318, 32),
(2055, 93.54, 48, 10318, 58),
(2056, 60.94, 26, 10318, 62),
(2057, 81.91, 47, 10318, 86),
(2058, 102.04, 50, 10318, 104),
(2059, 134.05, 30, 10319, 10),
(2060, 77.19, 46, 10319, 43),
(2061, 54.71, 44, 10319, 47),
(2062, 120.53, 45, 10319, 54),
(2063, 65.8, 31, 10319, 66),
(2064, 78.41, 43, 10319, 84),
(2065, 35, 29, 10319, 87),
(2066, 96.95, 22, 10319, 92),
(2067, 79.73, 45, 10319, 96),
(2068, 184.84, 31, 10320, 7),
(2069, 102.17, 35, 10320, 12),
(2070, 63.84, 38, 10320, 14),
(2071, 139.64, 25, 10320, 45),
(2072, 60.62, 26, 10320, 74),
(2073, 105.95, 24, 10321, 16),
(2074, 123.14, 41, 10321, 18),
(2075, 120.71, 44, 10321, 21),
(2076, 73.92, 37, 10321, 24),
(2077, 142.25, 25, 10321, 25),
(2078, 126.72, 27, 10321, 34),
(2079, 164.26, 33, 10321, 40),
(2080, 138.45, 28, 10321, 46),
(2081, 68.35, 30, 10321, 56),
(2082, 42.76, 48, 10321, 59),
(2083, 74.51, 30, 10321, 67),
(2084, 31.72, 37, 10321, 71),
(2085, 81.33, 39, 10321, 73),
(2086, 103.87, 21, 10321, 76),
(2087, 137.62, 26, 10321, 78),
(2088, 180.01, 40, 10322, 2),
(2089, 141.83, 46, 10322, 6),
(2090, 136.67, 27, 10322, 9),
(2091, 101.5, 22, 10322, 17),
(2092, 92.47, 43, 10322, 19),
(2093, 44.21, 41, 10322, 20),
(2094, 120.77, 50, 10322, 29),
(2095, 57.12, 35, 10322, 30),
(2096, 158.63, 36, 10322, 33),
(2097, 100.3, 33, 10322, 35),
(2098, 54.34, 41, 10322, 36),
(2099, 90.06, 48, 10322, 38),
(2100, 26.55, 20, 10322, 61),
(2101, 40.77, 30, 10322, 64),
(2102, 88.3, 33, 10323, 44),
(2103, 96.86, 47, 10323, 52),
(2104, 148.06, 27, 10324, 11),
(2105, 100.73, 26, 10324, 15),
(2106, 142.45, 47, 10324, 26),
(2107, 105.55, 33, 10324, 28),
(2108, 137.17, 27, 10324, 40),
(2109, 120.64, 49, 10324, 49),
(2110, 49.81, 38, 10324, 53),
(2111, 49.71, 25, 10324, 57),
(2112, 107.34, 31, 10324, 65),
(2113, 29.35, 30, 10324, 68),
(2114, 95.44, 33, 10324, 82),
(2115, 91.49, 20, 10324, 85),
(2116, 60.76, 48, 10324, 90),
(2117, 80.92, 34, 10324, 103),
(2118, 111.52, 47, 10325, 5),
(2119, 193.25, 42, 10325, 8),
(2120, 166.1, 24, 10325, 13),
(2121, 114.74, 24, 10325, 39),
(2122, 114.73, 44, 10325, 81),
(2123, 44.37, 38, 10325, 88),
(2124, 55.3, 28, 10325, 89),
(2125, 99.55, 38, 10325, 94),
(2126, 56.24, 44, 10325, 95),
(2127, 94.79, 32, 10326, 42),
(2128, 73.73, 50, 10326, 51),
(2129, 120.43, 41, 10326, 63),
(2130, 86.74, 41, 10326, 72),
(2131, 81.34, 20, 10326, 77),
(2132, 60.67, 39, 10326, 97),
(2133, 154.54, 25, 10327, 22),
(2134, 74.34, 45, 10327, 31),
(2135, 74.84, 25, 10327, 37),
(2136, 79.68, 20, 10327, 99),
(2137, 65.05, 21, 10327, 102),
(2138, 85.14, 43, 10327, 106),
(2139, 83.42, 37, 10327, 107),
(2140, 48.05, 37, 10327, 110),
(2141, 104.81, 34, 10328, 48),
(2142, 87.54, 47, 10328, 60),
(2143, 67.82, 48, 10328, 69),
(2144, 56.55, 20, 10328, 75),
(2145, 55.96, 35, 10328, 79),
(2146, 69.55, 43, 10328, 83),
(2147, 57.1, 24, 10328, 91),
(2148, 42.33, 34, 10328, 93),
(2149, 84.03, 27, 10328, 98),
(2150, 75.13, 41, 10328, 100),
(2151, 95.73, 37, 10328, 101),
(2152, 117.46, 33, 10328, 104),
(2153, 71.2, 33, 10328, 105),
(2154, 69.59, 39, 10328, 108),
(2155, 80.39, 42, 10329, 1),
(2156, 109.42, 20, 10329, 3),
(2157, 164.61, 26, 10329, 4),
(2158, 182.9, 41, 10329, 7),
(2159, 128.03, 24, 10329, 10),
(2160, 117.44, 46, 10329, 12),
(2161, 74.21, 33, 10329, 14),
(2162, 102.49, 39, 10329, 16),
(2163, 66.22, 29, 10329, 24),
(2164, 55.72, 38, 10329, 32),
(2165, 65.13, 38, 10329, 43),
(2166, 104.81, 30, 10329, 58),
(2167, 71.6, 37, 10329, 62),
(2168, 80.91, 45, 10329, 86),
(2169, 41.22, 44, 10329, 109),
(2170, 136.7, 37, 10330, 45),
(2171, 59.06, 29, 10330, 47),
(2172, 133.92, 50, 10330, 54),
(2173, 56.1, 42, 10330, 66),
(2174, 120.31, 46, 10331, 18),
(2175, 99.55, 44, 10331, 21),
(2176, 154.7, 44, 10331, 23),
(2177, 135.14, 30, 10331, 25),
(2178, 130.68, 26, 10331, 34),
(2179, 169.34, 27, 10331, 40),
(2180, 132.8, 26, 10331, 46),
(2181, 37, 27, 10331, 71),
(2182, 55.11, 25, 10331, 74),
(2183, 139.03, 21, 10331, 78),
(2184, 70.33, 41, 10331, 84),
(2185, 33.39, 28, 10331, 87),
(2186, 100.01, 32, 10331, 92),
(2187, 74.04, 20, 10331, 96),
(2188, 89.38, 46, 10332, 19),
(2189, 51.21, 27, 10332, 20),
(2190, 53.88, 38, 10332, 27),
(2191, 116.96, 35, 10332, 29),
(2192, 138.38, 24, 10332, 33),
(2193, 53.09, 26, 10332, 36),
(2194, 100.53, 40, 10332, 38),
(2195, 92.03, 50, 10332, 50),
(2196, 70.56, 21, 10332, 55),
(2197, 61.73, 23, 10332, 56),
(2198, 47.29, 20, 10332, 59),
(2199, 29.87, 45, 10332, 61),
(2200, 43.01, 26, 10332, 64),
(2201, 84.51, 39, 10332, 67),
(2202, 108.04, 44, 10332, 70),
(2203, 77.91, 45, 10332, 73),
(2204, 94.23, 31, 10332, 76),
(2205, 34.47, 41, 10332, 80),
(2206, 188.58, 26, 10333, 2),
(2207, 121.64, 33, 10333, 9),
(2208, 110.84, 29, 10333, 17),
(2209, 95.23, 31, 10333, 35),
(2210, 95.24, 46, 10333, 44),
(2211, 42.26, 24, 10333, 53),
(2212, 95.44, 39, 10333, 82),
(2213, 62.05, 33, 10333, 90),
(2214, 130.01, 26, 10334, 6),
(2215, 108, 46, 10334, 28),
(2216, 52.87, 34, 10334, 30),
(2217, 147.33, 20, 10334, 40),
(2218, 101.71, 49, 10334, 52),
(2219, 117.57, 42, 10334, 65),
(2220, 32.88, 33, 10335, 68),
(2221, 77.05, 44, 10335, 85),
(2222, 49.78, 40, 10335, 88),
(2223, 176.63, 33, 10336, 8),
(2224, 126.91, 33, 10336, 11),
(2225, 141.88, 49, 10336, 13),
(2226, 95.99, 38, 10336, 15),
(2227, 153.91, 49, 10336, 26),
(2228, 135.22, 48, 10336, 39),
(2229, 100.84, 21, 10336, 42),
(2230, 49.71, 45, 10336, 57),
(2231, 113.55, 31, 10336, 81),
(2232, 59.03, 31, 10336, 89),
(2233, 109.96, 23, 10336, 94),
(2234, 94.07, 46, 10336, 103),
(2235, 131.92, 25, 10337, 5),
(2236, 140.75, 36, 10337, 49),
(2237, 76.36, 29, 10337, 51),
(2238, 119.2, 29, 10337, 63),
(2239, 54.48, 21, 10337, 95),
(2240, 73.62, 36, 10337, 99),
(2241, 84.14, 31, 10337, 106),
(2242, 83.42, 36, 10337, 107),
(2243, 49.14, 42, 10337, 110),
(2244, 137.19, 41, 10338, 22),
(2245, 80.86, 28, 10338, 37),
(2246, 93.17, 45, 10338, 48),
(2247, 117.75, 40, 10339, 3),
(2248, 178.17, 39, 10339, 4),
(2249, 79.41, 27, 10339, 31),
(2250, 48.46, 30, 10339, 32),
(2251, 96.92, 27, 10339, 58),
(2252, 106.14, 21, 10339, 60),
(2253, 67.82, 55, 10339, 69),
(2254, 73.46, 55, 10339, 72),
(2255, 57.86, 29, 10339, 75),
(2256, 72.96, 42, 10339, 77),
(2257, 57.32, 45, 10339, 79),
(2258, 53.34, 22, 10339, 97),
(2259, 86.9, 55, 10339, 100),
(2260, 62.16, 50, 10339, 102),
(2261, 66.63, 50, 10339, 108),
(2262, 49.66, 27, 10339, 109),
(2263, 62.46, 55, 10340, 62),
(2264, 63.76, 40, 10340, 83),
(2265, 95.89, 55, 10340, 86),
(2266, 67.41, 39, 10340, 91),
(2267, 37.09, 40, 10340, 93),
(2268, 73.99, 30, 10340, 98),
(2269, 81.77, 55, 10340, 101),
(2270, 98.48, 29, 10340, 104),
(2271, 84.22, 41, 10341, 1),
(2272, 192.62, 45, 10341, 7),
(2273, 120.5, 55, 10341, 10),
(2274, 111.57, 44, 10341, 12),
(2275, 77.41, 36, 10341, 14),
(2276, 109.4, 55, 10341, 16),
(2277, 63.03, 32, 10341, 66),
(2278, 95.93, 31, 10341, 92),
(2279, 78.11, 38, 10341, 96),
(2280, 70.4, 34, 10341, 105),
(2281, 118.89, 40, 10342, 18),
(2282, 63.14, 55, 10342, 24),
(2283, 115.22, 22, 10342, 25),
(2284, 167.65, 30, 10342, 40),
(2285, 76.39, 25, 10342, 43),
(2286, 136.7, 55, 10342, 45),
(2287, 57.82, 26, 10342, 47),
(2288, 124.99, 38, 10342, 54),
(2289, 30.59, 39, 10342, 71),
(2290, 60.01, 48, 10342, 74),
(2291, 112.34, 42, 10342, 78),
(2292, 109.51, 36, 10343, 21),
(2293, 118.8, 25, 10343, 34),
(2294, 127.15, 44, 10343, 46),
(2295, 44.78, 27, 10343, 59),
(2296, 76.8, 30, 10343, 84),
(2297, 37.41, 29, 10343, 87),
(2298, 168.3, 45, 10344, 23),
(2299, 49.04, 40, 10344, 27),
(2300, 118.23, 30, 10344, 29),
(2301, 80.99, 21, 10344, 50),
(2302, 68.42, 26, 10344, 55),
(2303, 61, 29, 10344, 56),
(2304, 27.88, 20, 10344, 61),
(2305, 38.98, 43, 10345, 64),
(2306, 88.36, 42, 10346, 19),
(2307, 87.24, 25, 10346, 67),
(2308, 117.44, 24, 10346, 70),
(2309, 80.47, 24, 10346, 73),
(2310, 103.87, 26, 10346, 76),
(2311, 38.57, 22, 10346, 80),
(2312, 188.58, 30, 10347, 2),
(2313, 132.97, 27, 10347, 6),
(2314, 132.57, 29, 10347, 9),
(2315, 113.17, 42, 10347, 17),
(2316, 46.36, 21, 10347, 20),
(2317, 51.05, 50, 10347, 30),
(2318, 136.69, 21, 10347, 33),
(2319, 84.09, 48, 10347, 35),
(2320, 60.59, 34, 10347, 36),
(2321, 95.3, 45, 10347, 38),
(2322, 84.33, 26, 10347, 44),
(2323, 115.03, 45, 10347, 52),
(2324, 207.8, 48, 10348, 8),
(2325, 122.37, 47, 10348, 11),
(2326, 43.77, 29, 10348, 53),
(2327, 107.34, 37, 10348, 65),
(2328, 82.78, 39, 10348, 82),
(2329, 90.53, 42, 10348, 85),
(2330, 62.7, 31, 10348, 90),
(2331, 100.14, 32, 10348, 103),
(2332, 166.1, 26, 10349, 13),
(2333, 114.95, 48, 10349, 15),
(2334, 142.45, 38, 10349, 26),
(2335, 117.82, 38, 10349, 28),
(2336, 164.26, 48, 10349, 40),
(2337, 140.75, 34, 10349, 49),
(2338, 50.29, 48, 10349, 57),
(2339, 31.47, 36, 10349, 68),
(2340, 111.18, 23, 10349, 81),
(2341, 44.37, 33, 10349, 88),
(2342, 110.16, 26, 10350, 5),
(2343, 84.3, 43, 10350, 37),
(2344, 135.22, 44, 10350, 39),
(2345, 94.79, 41, 10350, 42),
(2346, 70.22, 30, 10350, 51),
(2347, 98.31, 34, 10350, 63),
(2348, 86.74, 30, 10350, 72),
(2349, 77.15, 25, 10350, 77),
(2350, 61.52, 27, 10350, 89),
(2351, 104.18, 31, 10350, 94),
(2352, 56.82, 44, 10350, 95),
(2353, 56, 46, 10350, 97),
(2354, 76.22, 28, 10350, 99),
(2355, 68.67, 29, 10350, 102),
(2356, 87.15, 31, 10350, 106),
(2357, 97.32, 25, 10350, 107),
(2358, 48.05, 20, 10350, 110),
(2359, 143.5, 39, 10351, 22),
(2360, 104.81, 20, 10351, 48),
(2361, 64.4, 25, 10351, 69),
(2362, 53.92, 38, 10351, 75),
(2363, 68.24, 34, 10351, 79),
(2364, 75.13, 23, 10352, 100),
(2365, 87.75, 49, 10352, 101),
(2366, 62.19, 22, 10352, 108),
(2367, 46.18, 49, 10352, 109),
(2368, 71.81, 27, 10353, 31),
(2369, 107.23, 28, 10353, 60),
(2370, 69.55, 35, 10353, 83),
(2371, 86.9, 46, 10353, 86),
(2372, 68.1, 40, 10353, 91),
(2373, 35.78, 40, 10353, 93),
(2374, 73.07, 39, 10353, 98),
(2375, 98.48, 48, 10353, 104),
(2376, 74.4, 43, 10353, 105),
(2377, 84.22, 42, 10354, 1),
(2378, 95.15, 20, 10354, 3),
(2379, 178.17, 42, 10354, 4),
(2380, 157.6, 31, 10354, 7),
(2381, 141.58, 35, 10354, 10),
(2382, 98.65, 29, 10354, 12),
(2383, 76.61, 23, 10354, 14),
(2384, 100.19, 28, 10354, 16),
(2385, 76.23, 21, 10354, 24),
(2386, 49.06, 28, 10354, 32),
(2387, 69.15, 36, 10354, 43),
(2388, 96.92, 21, 10354, 58),
(2389, 62.46, 28, 10354, 62),
(2390, 117.59, 23, 10355, 45),
(2391, 60.3, 31, 10355, 47),
(2392, 124.99, 25, 10355, 54),
(2393, 56.1, 41, 10355, 66),
(2394, 37.38, 36, 10355, 71),
(2395, 60.62, 44, 10355, 74),
(2396, 137.62, 32, 10355, 78),
(2397, 75.18, 28, 10355, 84),
(2398, 32.99, 38, 10355, 87),
(2399, 93.89, 40, 10355, 92),
(2400, 120.31, 43, 10356, 18),
(2401, 82.19, 50, 10356, 19),
(2402, 44.75, 22, 10356, 20),
(2403, 130.87, 27, 10356, 25),
(2404, 106.79, 29, 10356, 29),
(2405, 158.63, 30, 10356, 33),
(2406, 31.86, 48, 10356, 61),
(2407, 42.11, 26, 10356, 64),
(2408, 78.11, 26, 10356, 96),
(2409, 199.3, 32, 10357, 2),
(2410, 135.92, 43, 10357, 6),
(2411, 109.34, 49, 10357, 9),
(2412, 112, 39, 10357, 17),
(2413, 58.95, 41, 10357, 30),
(2414, 91.18, 41, 10357, 35),
(2415, 59.34, 49, 10357, 36),
(2416, 104.72, 44, 10357, 38),
(2417, 84.33, 25, 10357, 44),
(2418, 105.34, 28, 10357, 52),
(2419, 129.93, 49, 10358, 11),
(2420, 98.36, 42, 10358, 15),
(2421, 142.45, 20, 10358, 26),
(2422, 99.41, 20, 10358, 28),
(2423, 137.17, 32, 10358, 40),
(2424, 117.77, 25, 10358, 49),
(2425, 46.29, 30, 10358, 53),
(2426, 56.07, 44, 10358, 57),
(2427, 127.79, 41, 10358, 65),
(2428, 33.59, 36, 10358, 68),
(2429, 88.62, 41, 10358, 82),
(2430, 82.83, 41, 10358, 85),
(2431, 51.71, 36, 10358, 90),
(2432, 85.98, 27, 10358, 103),
(2433, 122.4, 48, 10359, 5),
(2434, 180.79, 42, 10359, 8),
(2435, 162.64, 49, 10359, 13),
(2436, 108.82, 22, 10359, 81),
(2437, 45.45, 36, 10359, 88),
(2438, 62.14, 22, 10359, 89),
(2439, 99.55, 46, 10359, 94),
(2440, 47.45, 25, 10359, 95),
(2441, 126.15, 50, 10360, 22),
(2442, 68.43, 41, 10360, 31),
(2443, 71.4, 46, 10360, 37),
(2444, 122.93, 29, 10360, 39),
(2445, 94.79, 29, 10360, 42),
(2446, 101.64, 40, 10360, 48),
(2447, 76.36, 40, 10360, 51),
(2448, 106.14, 22, 10360, 60),
(2449, 100.77, 31, 10360, 63),
(2450, 55.49, 49, 10360, 69),
(2451, 70.81, 36, 10360, 72),
(2452, 78.83, 22, 10360, 77),
(2453, 64.67, 32, 10360, 97),
(2454, 86.61, 26, 10360, 99),
(2455, 70.11, 30, 10360, 102),
(2456, 83.14, 35, 10360, 106),
(2457, 92.36, 31, 10360, 107),
(2458, 54.05, 31, 10360, 110),
(2459, 92.83, 20, 10361, 1),
(2460, 114.18, 26, 10361, 3),
(2461, 62.46, 34, 10361, 75),
(2462, 61.42, 26, 10361, 79),
(2463, 68.83, 25, 10361, 83),
(2464, 56.41, 49, 10361, 91),
(2465, 35.78, 33, 10361, 93),
(2466, 88.6, 20, 10361, 98),
(2467, 85.99, 24, 10361, 100),
(2468, 91.74, 26, 10361, 101),
(2469, 107.97, 44, 10361, 104),
(2470, 76.8, 44, 10361, 105),
(2471, 62.19, 35, 10361, 108),
(2472, 47.67, 23, 10361, 109),
(2473, 182.04, 22, 10362, 4),
(2474, 131.04, 22, 10362, 10),
(2475, 53.91, 23, 10362, 32),
(2476, 91.29, 50, 10362, 58),
(2477, 180.95, 33, 10363, 7),
(2478, 106.87, 34, 10363, 12),
(2479, 68.63, 34, 10363, 14),
(2480, 103.64, 46, 10363, 16),
(2481, 61.6, 22, 10363, 24),
(2482, 69.15, 46, 10363, 43),
(2483, 124.94, 24, 10363, 45),
(2484, 52.22, 32, 10363, 47),
(2485, 123.5, 28, 10363, 54),
(2486, 70.08, 21, 10363, 62),
(2487, 56.1, 43, 10363, 66),
(2488, 52.05, 21, 10363, 74),
(2489, 113.75, 31, 10363, 78),
(2490, 75.99, 43, 10363, 84),
(2491, 92.9, 50, 10363, 86),
(2492, 38.22, 48, 10364, 87),
(2493, 116.06, 30, 10365, 18),
(2494, 82.66, 22, 10365, 92),
(2495, 68.34, 44, 10365, 96),
(2496, 116.65, 34, 10366, 25),
(2497, 105.6, 49, 10366, 34),
(2498, 154.1, 34, 10366, 40),
(2499, 105.77, 49, 10367, 21),
(2500, 144.5, 37, 10367, 23),
(2501, 50.25, 45, 10367, 27),
(2502, 124.59, 27, 10367, 29),
(2503, 140.06, 32, 10367, 33),
(2504, 131.39, 46, 10367, 46),
(2505, 77.31, 43, 10367, 50),
(2506, 66.99, 44, 10367, 55),
(2507, 72.76, 21, 10367, 56),
(2508, 50.31, 38, 10367, 59),
(2509, 29.54, 23, 10367, 61),
(2510, 43.01, 28, 10367, 64),
(2511, 36.25, 36, 10367, 71),
(2512, 73.6, 40, 10368, 67),
(2513, 115.09, 31, 10368, 70),
(2514, 83.04, 46, 10368, 73),
(2515, 93.16, 20, 10368, 76),
(2516, 36.52, 46, 10368, 80),
(2517, 195.01, 41, 10369, 2),
(2518, 89.38, 44, 10369, 19),
(2519, 46.36, 32, 10369, 20),
(2520, 100.3, 42, 10369, 35),
(2521, 51.84, 28, 10369, 36),
(2522, 90.06, 21, 10369, 38),
(2523, 80.36, 45, 10369, 44),
(2524, 93.49, 40, 10369, 82),
(2525, 128.53, 35, 10370, 6),
(2526, 128.47, 49, 10370, 9),
(2527, 100.34, 27, 10370, 17),
(2528, 101.87, 22, 10370, 28),
(2529, 60.16, 22, 10370, 30),
(2530, 167.65, 27, 10370, 40),
(2531, 105.34, 29, 10370, 52),
(2532, 41.76, 20, 10370, 53),
(2533, 63.99, 25, 10370, 90),
(2534, 178.71, 32, 10371, 8),
(2535, 104.28, 49, 10371, 15),
(2536, 160.46, 25, 10371, 26),
(2537, 53.75, 25, 10371, 57),
(2538, 126.51, 20, 10371, 65),
(2539, 35.01, 45, 10371, 68),
(2540, 95.81, 28, 10371, 81),
(2541, 82.83, 26, 10371, 85),
(2542, 44.37, 20, 10371, 88),
(2543, 53.44, 30, 10371, 89),
(2544, 97.23, 48, 10371, 94),
(2545, 83.95, 34, 10371, 103),
(2546, 146.55, 40, 10372, 11),
(2547, 140.15, 34, 10372, 13),
(2548, 131.13, 28, 10372, 39),
(2549, 91.76, 25, 10372, 42),
(2550, 119.2, 48, 10372, 49),
(2551, 78.99, 41, 10372, 51),
(2552, 102, 37, 10372, 63),
(2553, 56.82, 24, 10372, 95),
(2554, 74.48, 44, 10372, 99),
(2555, 118.32, 39, 10373, 5),
(2556, 143.5, 28, 10373, 22),
(2557, 75.7, 22, 10373, 37),
(2558, 99.52, 50, 10373, 48),
(2559, 58.92, 38, 10373, 69),
(2560, 82.31, 33, 10373, 72),
(2561, 53.92, 46, 10373, 75),
(2562, 83.86, 23, 10373, 77),
(2563, 62.1, 39, 10373, 79),
(2564, 58, 44, 10373, 97),
(2565, 76.94, 32, 10373, 100),
(2566, 69.39, 41, 10373, 102),
(2567, 94.16, 34, 10373, 106),
(2568, 83.42, 37, 10373, 107),
(2569, 68.11, 45, 10373, 108),
(2570, 44.2, 25, 10373, 109),
(2571, 48.05, 29, 10373, 110),
(2572, 115.37, 39, 10374, 3),
(2573, 158.8, 22, 10374, 4),
(2574, 75.19, 42, 10374, 31),
(2575, 48.46, 22, 10374, 32),
(2576, 112.7, 38, 10374, 58),
(2577, 107.23, 46, 10374, 60),
(2578, 76.56, 21, 10375, 1),
(2579, 184.84, 45, 10375, 7),
(2580, 150.62, 49, 10375, 10),
(2581, 67.03, 23, 10375, 62),
(2582, 60.26, 20, 10375, 66),
(2583, 60.13, 43, 10375, 83),
(2584, 87.9, 37, 10375, 86),
(2585, 59.85, 44, 10375, 91),
(2586, 96.95, 41, 10375, 92),
(2587, 36.22, 49, 10375, 93),
(2588, 69.16, 49, 10375, 96),
(2589, 86.77, 37, 10375, 98),
(2590, 94.73, 33, 10375, 101),
(2591, 98.48, 25, 10375, 104),
(2592, 69.6, 44, 10375, 105),
(2593, 98.65, 35, 10376, 12),
(2594, 65.44, 24, 10377, 14),
(2595, 112.86, 50, 10377, 16),
(2596, 124.56, 35, 10377, 18),
(2597, 61.6, 31, 10377, 24),
(2598, 125.18, 36, 10377, 25),
(2599, 143.94, 39, 10377, 40),
(2600, 121.95, 34, 10378, 21),
(2601, 66.74, 22, 10378, 43),
(2602, 146.99, 43, 10378, 45),
(2603, 60.3, 28, 10378, 47),
(2604, 122.02, 49, 10378, 54),
(2605, 30.59, 41, 10378, 71),
(2606, 52.66, 46, 10378, 74),
(2607, 129.2, 33, 10378, 78),
(2608, 80.84, 41, 10378, 84),
(2609, 35.8, 40, 10378, 87),
(2610, 156.4, 39, 10379, 23),
(2611, 50.85, 27, 10379, 27),
(2612, 113.52, 29, 10379, 34),
(2613, 134.22, 32, 10379, 46),
(2614, 48.8, 32, 10379, 59),
(2615, 88.36, 27, 10380, 19),
(2616, 119.5, 40, 10380, 29),
(2617, 156.94, 21, 10380, 33),
(2618, 78.23, 32, 10380, 50),
(2619, 66.99, 24, 10380, 55),
(2620, 66.88, 34, 10380, 56),
(2621, 29.87, 32, 10380, 61),
(2622, 37.63, 27, 10380, 64),
(2623, 77.24, 36, 10380, 67),
(2624, 111.57, 44, 10380, 70),
(2625, 77.05, 44, 10380, 73),
(2626, 91.02, 34, 10380, 76),
(2627, 32.82, 43, 10380, 80),
(2628, 182.16, 36, 10381, 2),
(2629, 138.88, 37, 10381, 6),
(2630, 132.57, 20, 10381, 9),
(2631, 114.34, 48, 10381, 17),
(2632, 49.6, 25, 10381, 20),
(2633, 60.77, 35, 10381, 30),
(2634, 100.3, 41, 10381, 35),
(2635, 51.22, 40, 10381, 36),
(2636, 93.2, 35, 10381, 38),
(2637, 166.24, 34, 10382, 8),
(2638, 145.04, 37, 10382, 11),
(2639, 143.61, 34, 10382, 13),
(2640, 103.1, 32, 10382, 15),
(2641, 160.46, 25, 10382, 26),
(2642, 84.33, 50, 10382, 44),
(2643, 115.03, 39, 10382, 52),
(2644, 46.29, 39, 10382, 53),
(2645, 120.12, 20, 10382, 65),
(2646, 97.39, 33, 10382, 82),
(2647, 85.72, 26, 10382, 85),
(2648, 57.53, 48, 10382, 90),
(2649, 101.15, 34, 10382, 103),
(2650, 119.05, 27, 10383, 28),
(2651, 125.66, 24, 10383, 39),
(2652, 155.79, 47, 10383, 40),
(2653, 83.7, 26, 10383, 42),
(2654, 137.88, 38, 10383, 49),
(2655, 77.24, 28, 10383, 51),
(2656, 52.6, 22, 10383, 57),
(2657, 33.24, 40, 10383, 68),
(2658, 117.1, 21, 10383, 81),
(2659, 53.57, 32, 10383, 88),
(2660, 55.93, 44, 10383, 89),
(2661, 94.92, 29, 10383, 94),
(2662, 48.62, 38, 10383, 95),
(2663, 129.2, 34, 10384, 5),
(2664, 114.29, 28, 10384, 63),
(2665, 71.69, 43, 10384, 72),
(2666, 71.02, 49, 10384, 99),
(2667, 78.83, 37, 10385, 77),
(2668, 62, 25, 10385, 97),
(2669, 130.88, 25, 10386, 22),
(2670, 72.65, 21, 10386, 31),
(2671, 73.12, 37, 10386, 37),
(2672, 100.58, 22, 10386, 48),
(2673, 101.76, 33, 10386, 60),
(2674, 56.86, 39, 10386, 69),
(2675, 54.57, 35, 10386, 75),
(2676, 55.96, 41, 10386, 79),
(2677, 71.73, 50, 10386, 83),
(2678, 85.09, 29, 10386, 100),
(2679, 90.75, 37, 10386, 101),
(2680, 67.22, 37, 10386, 102),
(2681, 68, 32, 10386, 105),
(2682, 83.14, 45, 10386, 106),
(2683, 80.44, 30, 10386, 107),
(2684, 59.22, 44, 10386, 108),
(2685, 47.67, 50, 10386, 109),
(2686, 52.42, 43, 10386, 110),
(2687, 79.91, 44, 10387, 86),
(2688, 80.39, 42, 10388, 1),
(2689, 118.94, 50, 10388, 3),
(2690, 156.86, 21, 10388, 4),
(2691, 125.01, 44, 10388, 10),
(2692, 58.47, 35, 10388, 91),
(2693, 41.02, 27, 10388, 93),
(2694, 74.9, 46, 10388, 98),
(2695, 111.53, 50, 10388, 104),
(2696, 182.9, 26, 10389, 7),
(2697, 95.13, 25, 10389, 12),
(2698, 76.61, 36, 10389, 14),
(2699, 102.49, 47, 10389, 16),
(2700, 63.91, 49, 10389, 24),
(2701, 52.09, 39, 10389, 32),
(2702, 112.7, 45, 10389, 58),
(2703, 61.7, 49, 10389, 62),
(2704, 117.48, 36, 10390, 18),
(2705, 132.29, 34, 10390, 25),
(2706, 102.98, 31, 10390, 29),
(2707, 162, 26, 10390, 33),
(2708, 75.59, 40, 10390, 43),
(2709, 135.23, 50, 10390, 45),
(2710, 54.09, 36, 10390, 47),
(2711, 122.02, 49, 10390, 54),
(2712, 67.87, 35, 10390, 66),
(2713, 35.87, 37, 10390, 71),
(2714, 51.43, 46, 10390, 74),
(2715, 134.81, 45, 10390, 78),
(2716, 66.29, 30, 10390, 84),
(2717, 39.02, 41, 10390, 87),
(2718, 101.03, 45, 10390, 92),
(2719, 81.36, 22, 10390, 96),
(2720, 195.01, 24, 10391, 2),
(2721, 121.15, 37, 10391, 6),
(2722, 110.7, 39, 10391, 9),
(2723, 114.34, 29, 10391, 17),
(2724, 102.74, 35, 10391, 19),
(2725, 47.44, 42, 10391, 20),
(2726, 57.73, 44, 10391, 30),
(2727, 99.28, 32, 10391, 35),
(2728, 26.55, 33, 10391, 61),
(2729, 36.29, 24, 10391, 64),
(2730, 61.21, 37, 10392, 36),
(2731, 103.67, 29, 10392, 38),
(2732, 98.22, 36, 10392, 44),
(2733, 145.04, 35, 10393, 11),
(2734, 99.54, 32, 10393, 15),
(2735, 137.53, 20, 10393, 26),
(2736, 104.32, 38, 10393, 28),
(2737, 106.55, 30, 10393, 52),
(2738, 41.76, 44, 10393, 53),
(2739, 112.46, 33, 10393, 65),
(2740, 88.62, 33, 10393, 82),
(2741, 84.75, 38, 10393, 85),
(2742, 63.35, 31, 10393, 90),
(2743, 83.95, 21, 10393, 103),
(2744, 135.47, 22, 10394, 40),
(2745, 124.95, 37, 10394, 49),
(2746, 53.18, 31, 10394, 57),
(2747, 35.36, 46, 10394, 68),
(2748, 104.09, 37, 10394, 81),
(2749, 47.08, 36, 10394, 88),
(2750, 55.93, 30, 10394, 89),
(2751, 125.12, 32, 10395, 5),
(2752, 205.72, 33, 10395, 8),
(2753, 98.39, 46, 10395, 94),
(2754, 57.99, 45, 10395, 95),
(2755, 155.72, 33, 10396, 13),
(2756, 129.76, 33, 10396, 39),
(2757, 91.76, 24, 10396, 42),
(2758, 83.38, 45, 10396, 51),
(2759, 100.77, 49, 10396, 63),
(2760, 77, 27, 10396, 72),
(2761, 77.99, 37, 10396, 77),
(2762, 62, 39, 10396, 97),
(2763, 69.29, 32, 10397, 99),
(2764, 62.88, 22, 10397, 102),
(2765, 86.15, 48, 10397, 106),
(2766, 80.44, 36, 10397, 107),
(2767, 52.96, 34, 10397, 110),
(2768, 130.88, 33, 10398, 22),
(2769, 82.79, 34, 10398, 31),
(2770, 70.54, 28, 10398, 37),
(2771, 92.11, 45, 10398, 48),
(2772, 100.67, 43, 10398, 60),
(2773, 60.29, 28, 10398, 69),
(2774, 61.15, 34, 10398, 75),
(2775, 56.64, 41, 10398, 79),
(2776, 65.93, 45, 10398, 83),
(2777, 60.54, 22, 10398, 91),
(2778, 38.84, 49, 10398, 93),
(2779, 78.55, 47, 10398, 98),
(2780, 75.13, 36, 10398, 100),
(2781, 98.72, 22, 10398, 101),
(2782, 102.04, 23, 10398, 104),
(2783, 76.8, 29, 10398, 105),
(2784, 62.19, 36, 10398, 108),
(2785, 41.22, 34, 10398, 109),
(2786, 77.52, 40, 10399, 1),
(2787, 99.91, 51, 10399, 3),
(2788, 156.86, 22, 10399, 4),
(2789, 123.51, 29, 10399, 10),
(2790, 51.48, 30, 10399, 32),
(2791, 104.81, 57, 10399, 58),
(2792, 75.41, 58, 10399, 62),
(2793, 97.89, 32, 10399, 86),
(2794, 134.64, 64, 10400, 5),
(2795, 129.31, 34, 10400, 22),
(2796, 74.84, 30, 10400, 37),
(2797, 88.93, 58, 10400, 48),
(2798, 55.49, 24, 10400, 69),
(2799, 59.18, 38, 10400, 75),
(2800, 74.64, 42, 10400, 77),
(2801, 82.37, 46, 10400, 100),
(2802, 41.71, 20, 10400, 109),
(2803, 75.19, 42, 10401, 31),
(2804, 87.54, 38, 10401, 60),
(2805, 59.37, 64, 10401, 79),
(2806, 65.93, 52, 10401, 83),
(2807, 81.91, 49, 10401, 86),
(2808, 62.6, 62, 10401, 91),
(2809, 41.46, 56, 10401, 93),
(2810, 77.64, 11, 10401, 98),
(2811, 98.72, 85, 10401, 101),
(2812, 96.11, 21, 10401, 104),
(2813, 73.6, 77, 10401, 105),
(2814, 66.63, 40, 10401, 108),
(2815, 118.94, 45, 10402, 3),
(2816, 58.15, 55, 10402, 32),
(2817, 61.7, 59, 10402, 62),
(2818, 85.17, 24, 10403, 1),
(2819, 174.29, 66, 10403, 4),
(2820, 122, 66, 10403, 10),
(2821, 55.33, 36, 10403, 47),
(2822, 109.32, 46, 10403, 58),
(2823, 57.49, 27, 10403, 66),
(2824, 35.8, 30, 10403, 87),
(2825, 88.78, 45, 10403, 92),
(2826, 65.09, 31, 10403, 96),
(2827, 163.44, 64, 10404, 7),
(2828, 102.17, 43, 10404, 12),
(2829, 67.03, 77, 10404, 14),
(2830, 67.54, 90, 10404, 43),
(2831, 127.88, 28, 10404, 45),
(2832, 124.99, 48, 10404, 54),
(2833, 53.27, 49, 10404, 74),
(2834, 65.48, 48, 10404, 84),
(2835, 115.16, 97, 10405, 16),
(2836, 72.38, 61, 10405, 24),
(2837, 147.33, 55, 10405, 40),
(2838, 37.38, 47, 10405, 71),
(2839, 127.79, 76, 10405, 78),
(2840, 124.56, 61, 10406, 18),
(2841, 133.72, 48, 10406, 25),
(2842, 117.26, 65, 10406, 46),
(2843, 114.48, 59, 10407, 21),
(2844, 141.1, 76, 10407, 23),
(2845, 58.12, 42, 10407, 27),
(2846, 132, 41, 10407, 34),
(2847, 91.11, 6, 10407, 50),
(2848, 64.14, 66, 10407, 55),
(2849, 68.35, 26, 10407, 56),
(2850, 45.78, 64, 10407, 59),
(2851, 81.78, 76, 10407, 67),
(2852, 98.65, 59, 10407, 70),
(2853, 77.05, 13, 10407, 73),
(2854, 101.73, 43, 10407, 76),
(2855, 41.03, 15, 10408, 80),
(2856, 104.25, 6, 10409, 29),
(2857, 27.88, 61, 10409, 61),
(2858, 99.66, 65, 10410, 19),
(2859, 51.21, 44, 10410, 20),
(2860, 145.13, 56, 10410, 33),
(2861, 93.21, 47, 10410, 35),
(2862, 49.97, 53, 10410, 36),
(2863, 84.82, 34, 10410, 38),
(2864, 81.35, 44, 10410, 44),
(2865, 42.56, 31, 10410, 64),
(2866, 95.44, 50, 10410, 82),
(2867, 205.73, 23, 10411, 2),
(2868, 144.79, 27, 10411, 6),
(2869, 110.7, 40, 10411, 9),
(2870, 109.67, 27, 10411, 17),
(2871, 106.55, 46, 10411, 52),
(2872, 41.25, 35, 10411, 53),
(2873, 78.01, 26, 10411, 85),
(2874, 60.76, 27, 10411, 90),
(2875, 89.01, 34, 10411, 103),
(2876, 100.73, 54, 10412, 15),
(2877, 150.63, 41, 10412, 26),
(2878, 120.28, 56, 10412, 28),
(2879, 49.83, 47, 10412, 30),
(2880, 157.49, 60, 10412, 40),
(2881, 47.4, 21, 10412, 57),
(2882, 109.9, 70, 10412, 65),
(2883, 32.88, 30, 10412, 68),
(2884, 108.82, 31, 10412, 81),
(2885, 50.86, 19, 10412, 88),
(2886, 105.33, 26, 10412, 94),
(2887, 201.57, 36, 10413, 8),
(2888, 145.04, 47, 10413, 11),
(2889, 173.02, 22, 10413, 13),
(2890, 133.57, 49, 10413, 49),
(2891, 56.55, 24, 10413, 89),
(2892, 53.31, 51, 10413, 95),
(2893, 114.24, 49, 10414, 5),
(2894, 77.42, 44, 10414, 37),
(2895, 128.39, 41, 10414, 39),
(2896, 85.71, 48, 10414, 42),
(2897, 83.38, 56, 10414, 51),
(2898, 108.14, 43, 10414, 63),
(2899, 72.58, 60, 10414, 72),
(2900, 72.96, 51, 10414, 77),
(2901, 62, 37, 10414, 97),
(2902, 74.48, 34, 10414, 99),
(2903, 61.44, 31, 10414, 102),
(2904, 84.14, 28, 10414, 106),
(2905, 84.41, 40, 10414, 107),
(2906, 54.6, 47, 10414, 110),
(2907, 86.81, 51, 10415, 48),
(2908, 60.97, 21, 10415, 69),
(2909, 59.83, 18, 10415, 75),
(2910, 73.32, 32, 10415, 100),
(2911, 43.2, 42, 10415, 109),
(2912, 129.31, 24, 10416, 22),
(2913, 70.96, 15, 10416, 31),
(2914, 90.82, 47, 10416, 60),
(2915, 62.46, 32, 10416, 62),
(2916, 64.83, 18, 10416, 79),
(2917, 70.28, 48, 10416, 83),
(2918, 86.9, 45, 10416, 86),
(2919, 68.1, 26, 10416, 91),
(2920, 39.71, 37, 10416, 93),
(2921, 88.6, 23, 10416, 98),
(2922, 84.76, 22, 10416, 101),
(2923, 98.48, 41, 10416, 104),
(2924, 65.6, 39, 10416, 105),
(2925, 63.67, 43, 10416, 108),
(2926, 79.43, 66, 10417, 1),
(2927, 116.56, 45, 10417, 3),
(2928, 162.67, 56, 10417, 4),
(2929, 144.6, 21, 10417, 10),
(2930, 58.75, 36, 10417, 32),
(2931, 109.32, 35, 10417, 58),
(2932, 70.76, 16, 10418, 43),
(2933, 139.64, 27, 10418, 45),
(2934, 56.57, 33, 10418, 47),
(2935, 120.53, 28, 10418, 54),
(2936, 64.41, 52, 10418, 66),
(2937, 66.29, 10, 10418, 84),
(2938, 36.61, 43, 10418, 87),
(2939, 100.01, 50, 10418, 92),
(2940, 72.41, 40, 10418, 96),
(2941, 182.9, 12, 10419, 7),
(2942, 111.57, 10, 10419, 12),
(2943, 64.64, 34, 10419, 14),
(2944, 99.04, 32, 10419, 16),
(2945, 117.48, 38, 10419, 18),
(2946, 100.8, 37, 10419, 21),
(2947, 67.76, 39, 10419, 24),
(2948, 133.72, 34, 10419, 25),
(2949, 116.16, 55, 10419, 34),
(2950, 165.95, 35, 10419, 40),
(2951, 114.44, 43, 10419, 46),
(2952, 32.1, 15, 10419, 71),
(2953, 52.66, 55, 10419, 74),
(2954, 112.34, 70, 10419, 78),
(2955, 153, 37, 10420, 23),
(2956, 52.06, 36, 10420, 27),
(2957, 116.96, 45, 10420, 29),
(2958, 73.62, 66, 10420, 50),
(2959, 68.42, 36, 10420, 55),
(2960, 60.26, 60, 10420, 56),
(2961, 48.8, 37, 10420, 59),
(2962, 32.19, 45, 10420, 61),
(2963, 76.33, 39, 10420, 67),
(2964, 115.09, 55, 10420, 70),
(2965, 77.05, 35, 10420, 73),
(2966, 104.94, 26, 10420, 76),
(2967, 35.29, 15, 10420, 80),
(2968, 167.06, 35, 10421, 33),
(2969, 44.8, 40, 10421, 64),
(2970, 91.44, 51, 10422, 19),
(2971, 47.44, 25, 10422, 20),
(2972, 89.15, 10, 10423, 35),
(2973, 56.21, 31, 10423, 36),
(2974, 98.44, 21, 10423, 38),
(2975, 80.36, 21, 10423, 44),
(2976, 78.89, 28, 10423, 82),
(2977, 201.44, 50, 10424, 2),
(2978, 121.64, 49, 10424, 9),
(2979, 108.5, 54, 10424, 17),
(2980, 40.25, 26, 10424, 53),
(2981, 54.94, 44, 10424, 90);

-- --------------------------------------------------------

--
-- Table structure for table `payments`
--

CREATE TABLE `payments` (
  `id` bigint(20) NOT NULL,
  `amount` float DEFAULT NULL,
  `check_number` varchar(255) DEFAULT NULL,
  `payment_date` datetime DEFAULT NULL,
  `customer_id` bigint(20) DEFAULT NULL
) ENGINE=InnoDB DEFAULT CHARSET=utf8;

--
-- Dumping data for table `payments`
--

INSERT INTO `payments` (`id`, `amount`, `check_number`, `payment_date`, `customer_id`) VALUES
(1, 6066.78, 'HQ336336', '2004-10-19 00:00:00', 103),
(2, 14571.4, 'JM555205', '2003-06-05 00:00:00', 103),
(3, 1676.14, 'OM314933', '2004-12-18 00:00:00', 103),
(4, 14191.1, 'BO864823', '2004-12-17 00:00:00', 112),
(5, 32642, 'HQ55022', '2003-06-06 00:00:00', 112),
(6, 33347.9, 'ND748579', '2004-08-20 00:00:00', 112),
(7, 45864, 'GG31455', '2003-05-20 00:00:00', 114),
(8, 82261.2, 'MA765515', '2004-12-15 00:00:00', 114),
(9, 7565.08, 'NP603840', '2003-05-31 00:00:00', 114),
(10, 44894.7, 'NR27552', '2004-03-10 00:00:00', 114),
(11, 19501.8, 'DB933704', '2004-11-14 00:00:00', 119),
(12, 47924.2, 'LN373447', '2004-08-08 00:00:00', 119),
(13, 49523.7, 'NG94694', '2005-02-22 00:00:00', 119),
(14, 50218.9, 'DB889831', '2003-02-16 00:00:00', 121),
(15, 1491.38, 'FD317790', '2003-10-28 00:00:00', 121),
(16, 17876.3, 'KI831359', '2004-11-04 00:00:00', 121),
(17, 34638.1, 'MA302151', '2004-11-28 00:00:00', 121),
(18, 101245, 'AE215433', '2005-03-05 00:00:00', 124),
(19, 85410.9, 'BG255406', '2004-08-28 00:00:00', 124),
(20, 11044.3, 'CQ287967', '2003-04-11 00:00:00', 124),
(21, 83598, 'ET64396', '2005-04-16 00:00:00', 124),
(22, 47142.7, 'HI366474', '2004-12-27 00:00:00', 124),
(23, 55639.7, 'HR86578', '2004-11-02 00:00:00', 124),
(24, 111654, 'KI131716', '2003-08-15 00:00:00', 124),
(25, 43369.3, 'LF217299', '2004-03-26 00:00:00', 124),
(26, 45084.4, 'NT141748', '2003-11-25 00:00:00', 124),
(27, 10549, 'DI925118', '2003-01-28 00:00:00', 128),
(28, 24101.8, 'FA465482', '2003-10-18 00:00:00', 128),
(29, 33820.6, 'FH668230', '2004-03-24 00:00:00', 128),
(30, 7466.32, 'IP383901', '2004-11-18 00:00:00', 128),
(31, 26248.8, 'DM826140', '2004-12-08 00:00:00', 129),
(32, 23923.9, 'ID449593', '2003-12-11 00:00:00', 129),
(33, 16537.8, 'PI42991', '2003-04-09 00:00:00', 129),
(34, 22292.6, 'CL442705', '2003-03-12 00:00:00', 131),
(35, 50025.4, 'MA724562', '2004-12-02 00:00:00', 131),
(36, 35322, 'NB445135', '2004-09-11 00:00:00', 131),
(37, 36251, 'AU364101', '2003-07-19 00:00:00', 141),
(38, 36140.4, 'DB583216', '2004-11-01 00:00:00', 141),
(39, 46895.5, 'DL460618', '2005-05-19 00:00:00', 141),
(40, 59830.6, 'HJ32686', '2004-01-30 00:00:00', 141),
(41, 116208, 'ID10962', '2004-12-31 00:00:00', 141),
(42, 65071.3, 'IN446258', '2005-03-25 00:00:00', 141),
(43, 120167, 'JE105477', '2005-03-18 00:00:00', 141),
(44, 49539.4, 'JN355280', '2003-10-26 00:00:00', 141),
(45, 40206.2, 'JN722010', '2003-02-25 00:00:00', 141),
(46, 63843.6, 'KT52578', '2003-12-09 00:00:00', 141),
(47, 35420.7, 'MC46946', '2004-07-09 00:00:00', 141),
(48, 20009.5, 'MF629602', '2004-08-16 00:00:00', 141),
(49, 26155.9, 'NU627706', '2004-05-17 00:00:00', 141),
(50, 36005.7, 'IR846303', '2004-12-12 00:00:00', 144),
(51, 7674.94, 'LA685678', '2003-04-09 00:00:00', 144),
(52, 4710.73, 'CN328545', '2004-07-03 00:00:00', 145),
(53, 28211.7, 'ED39322', '2004-04-26 00:00:00', 145),
(54, 20564.9, 'HR182688', '2004-12-01 00:00:00', 145),
(55, 53959.2, 'JJ246391', '2003-02-20 00:00:00', 145),
(56, 40978.5, 'FP549817', '2004-03-18 00:00:00', 146),
(57, 49614.7, 'FU793410', '2004-01-16 00:00:00', 146),
(58, 39712.1, 'LJ160635', '2003-12-10 00:00:00', 146),
(59, 44380.1, 'BI507030', '2003-04-22 00:00:00', 148),
(60, 2611.84, 'DD635282', '2004-08-11 00:00:00', 148),
(61, 105743, 'KM172879', '2003-12-26 00:00:00', 148),
(62, 3516.04, 'ME497970', '2005-03-27 00:00:00', 148),
(63, 58793.5, 'BF686658', '2003-12-22 00:00:00', 151),
(64, 20314.4, 'GB852215', '2004-07-26 00:00:00', 151),
(65, 58841.4, 'IP568906', '2003-06-18 00:00:00', 151),
(66, 39964.6, 'KI884577', '2004-12-14 00:00:00', 151),
(67, 35152.1, 'HI618861', '2004-11-19 00:00:00', 157),
(68, 63357.1, 'NN711988', '2004-09-07 00:00:00', 157),
(69, 2434.25, 'BR352384', '2004-11-14 00:00:00', 161),
(70, 50743.6, 'BR478494', '2003-11-18 00:00:00', 161),
(71, 12692.2, 'KG644125', '2005-02-02 00:00:00', 161),
(72, 38675.1, 'NI908214', '2003-08-05 00:00:00', 161),
(73, 38785.5, 'BQ327613', '2004-09-16 00:00:00', 166),
(74, 44160.9, 'DC979307', '2004-07-07 00:00:00', 166),
(75, 22474.2, 'LA318629', '2004-02-28 00:00:00', 166),
(76, 12538, 'ED743615', '2004-09-19 00:00:00', 167),
(77, 85024.5, 'GN228846', '2003-12-03 00:00:00', 167),
(78, 18997.9, 'GB878038', '2004-03-15 00:00:00', 171),
(79, 42783.8, 'IL104425', '2003-11-22 00:00:00', 171),
(80, 1960.8, 'AD832091', '2004-09-09 00:00:00', 172),
(81, 51209.6, 'CE51751', '2004-12-04 00:00:00', 172),
(82, 33383.1, 'EH208589', '2003-04-20 00:00:00', 172),
(83, 11843.5, 'GP545698', '2004-05-13 00:00:00', 173),
(84, 20355.2, 'IG462397', '2004-03-29 00:00:00', 173),
(85, 28500.8, 'CITI3434344', '2005-05-19 00:00:00', 175),
(86, 24879.1, 'IO448913', '2003-11-19 00:00:00', 175),
(87, 42044.8, 'PI15215', '2004-07-10 00:00:00', 175),
(88, 15183.6, 'AU750837', '2004-04-17 00:00:00', 177),
(89, 47177.6, 'CI381435', '2004-01-19 00:00:00', 177),
(90, 22602.4, 'CM564612', '2004-04-25 00:00:00', 181),
(91, 5494.78, 'GQ132144', '2003-01-30 00:00:00', 181),
(92, 44400.5, 'OH367219', '2004-11-16 00:00:00', 181),
(93, 23602.9, 'AE192287', '2005-03-10 00:00:00', 186),
(94, 37602.5, 'AK412714', '2003-10-27 00:00:00', 186),
(95, 34341.1, 'KA602407', '2004-10-21 00:00:00', 186),
(96, 52825.3, 'AM968797', '2004-11-03 00:00:00', 187),
(97, 47159.1, 'BQ39062', '2004-12-08 00:00:00', 187),
(98, 48425.7, 'KL124726', '2003-03-27 00:00:00', 187),
(99, 17359.5, 'BO711618', '2004-10-03 00:00:00', 189),
(100, 32538.7, 'NM916675', '2004-03-01 00:00:00', 189),
(101, 9658.74, 'FI192930', '2004-12-06 00:00:00', 198),
(102, 6036.96, 'HQ920205', '2003-07-06 00:00:00', 198),
(103, 5858.56, 'IS946883', '2004-09-21 00:00:00', 198),
(104, 23908.2, 'DP677013', '2003-10-20 00:00:00', 201),
(105, 37258.9, 'OO846801', '2004-06-15 00:00:00', 201),
(106, 36527.6, 'HI358554', '2003-12-18 00:00:00', 202),
(107, 33594.6, 'IQ627690', '2004-11-08 00:00:00', 202),
(108, 51152.9, 'GC697638', '2004-08-13 00:00:00', 204),
(109, 4424.4, 'IS150005', '2004-09-24 00:00:00', 204),
(110, 3879.96, 'GL756480', '2003-12-04 00:00:00', 205),
(111, 50342.7, 'LL562733', '2003-09-05 00:00:00', 205),
(112, 39580.6, 'NM739638', '2005-02-06 00:00:00', 205),
(113, 35157.8, 'BOAF82044', '2005-05-03 00:00:00', 209),
(114, 4632.31, 'ED520529', '2004-06-21 00:00:00', 209),
(115, 36069.3, 'PH785937', '2004-05-04 00:00:00', 209),
(116, 45480.8, 'BJ535230', '2003-12-09 00:00:00', 211),
(117, 3101.4, 'BG407567', '2003-05-09 00:00:00', 216),
(118, 24945.2, 'ML780814', '2004-12-06 00:00:00', 216),
(119, 40473.9, 'MM342086', '2003-12-14 00:00:00', 216),
(120, 3452.75, 'BN17870', '2005-03-02 00:00:00', 219),
(121, 4465.85, 'BR941480', '2003-10-18 00:00:00', 219),
(122, 36164.5, 'MQ413968', '2003-10-31 00:00:00', 227),
(123, 53745.3, 'NU21326', '2004-11-02 00:00:00', 227),
(124, 29070.4, 'BOFA23232', '2005-05-20 00:00:00', 233),
(125, 22997.4, 'II180006', '2004-07-01 00:00:00', 233),
(126, 16909.8, 'JG981190', '2003-11-18 00:00:00', 233),
(127, 80375.2, 'NQ865547', '2004-03-15 00:00:00', 239),
(128, 46788.1, 'IF245157', '2004-11-16 00:00:00', 240),
(129, 24995.6, 'JO719695', '2004-03-28 00:00:00', 240),
(130, 33818.3, 'AF40894', '2003-11-22 00:00:00', 242),
(131, 12432.3, 'HR224331', '2005-06-03 00:00:00', 242),
(132, 14232.7, 'KI744716', '2003-07-21 00:00:00', 242),
(133, 33924.2, 'IJ399820', '2004-09-19 00:00:00', 249),
(134, 48299, 'NE404084', '2004-09-04 00:00:00', 249),
(135, 17928.1, 'EQ12267', '2005-05-17 00:00:00', 250),
(136, 26311.6, 'HD284647', '2004-12-30 00:00:00', 250),
(137, 23419.5, 'HN114306', '2003-07-18 00:00:00', 250),
(138, 5759.42, 'EP227123', '2004-02-10 00:00:00', 256),
(139, 53117, 'HE84936', '2004-10-22 00:00:00', 256),
(140, 61234.7, 'EU280955', '2004-11-06 00:00:00', 259),
(141, 27988.5, 'GB361972', '2003-12-07 00:00:00', 259),
(142, 37527.6, 'IO164641', '2004-08-30 00:00:00', 260),
(143, 29284.4, 'NH776924', '2004-04-24 00:00:00', 260),
(144, 27083.8, 'EM979878', '2005-02-09 00:00:00', 276),
(145, 38547.2, 'KM841847', '2003-11-13 00:00:00', 276),
(146, 41554.7, 'LE432182', '2003-09-28 00:00:00', 276),
(147, 29848.5, 'OJ819725', '2005-04-30 00:00:00', 276),
(148, 37654.1, 'BJ483870', '2004-12-05 00:00:00', 278),
(149, 52151.8, 'GP636783', '2003-03-02 00:00:00', 278),
(150, 37723.8, 'NI983021', '2003-11-24 00:00:00', 278),
(151, 24013.5, 'IA793562', '2003-08-03 00:00:00', 282),
(152, 35806.7, 'JT819493', '2004-08-02 00:00:00', 282),
(153, 31835.4, 'OD327378', '2005-01-03 00:00:00', 282),
(154, 47411.3, 'DR578578', '2004-10-28 00:00:00', 286),
(155, 43134, 'KH910279', '2004-09-05 00:00:00', 286),
(156, 47375.9, 'AJ574927', '2004-03-13 00:00:00', 298),
(157, 61402, 'LF501133', '2004-09-18 00:00:00', 298),
(158, 36798.9, 'AD304085', '2003-10-24 00:00:00', 299),
(159, 32260.2, 'NR157385', '2004-09-05 00:00:00', 299),
(160, 46770.5, 'DG336041', '2005-02-15 00:00:00', 311),
(161, 32723, 'FA728475', '2003-10-06 00:00:00', 311),
(162, 16212.6, 'NQ966143', '2004-04-25 00:00:00', 311),
(163, 45352.5, 'LQ244073', '2004-08-09 00:00:00', 314),
(164, 16901.4, 'MD809704', '2004-03-03 00:00:00', 314),
(165, 42339.8, 'HL685576', '2004-11-06 00:00:00', 319),
(166, 36092.4, 'OM548174', '2003-12-07 00:00:00', 319),
(167, 8307.28, 'GJ597719', '2005-01-18 00:00:00', 320),
(168, 41016.8, 'HO576374', '2003-08-20 00:00:00', 320),
(169, 52548.5, 'MU817160', '2003-11-24 00:00:00', 320),
(170, 85559.1, 'DJ15149', '2003-11-03 00:00:00', 321),
(171, 46781.7, 'LA556321', '2005-03-15 00:00:00', 321),
(172, 75020.1, 'AL493079', '2005-05-23 00:00:00', 323),
(173, 37281.4, 'ES347491', '2004-06-24 00:00:00', 323),
(174, 2880, 'HG738664', '2003-07-05 00:00:00', 323),
(175, 39440.6, 'PQ803830', '2004-12-24 00:00:00', 323),
(176, 13671.8, 'DQ409197', '2004-12-13 00:00:00', 324),
(177, 29429.1, 'FP443161', '2003-07-07 00:00:00', 324),
(178, 37455.8, 'HB150714', '2003-11-23 00:00:00', 324),
(179, 7178.66, 'EN930356', '2004-04-16 00:00:00', 328),
(180, 31102.8, 'NR631421', '2004-05-30 00:00:00', 328),
(181, 23936.5, 'HL209210', '2003-11-15 00:00:00', 333),
(182, 9821.32, 'JK479662', '2003-10-17 00:00:00', 333),
(183, 21432.3, 'NF959653', '2005-03-01 00:00:00', 333),
(184, 45785.3, 'CS435306', '2005-01-27 00:00:00', 334),
(185, 29716.9, 'HH517378', '2003-08-16 00:00:00', 334),
(186, 28394.5, 'LF737277', '2004-05-22 00:00:00', 334),
(187, 23333.1, 'AP286625', '2004-10-24 00:00:00', 339),
(188, 34606.3, 'DA98827', '2003-11-28 00:00:00', 339),
(189, 31428.2, 'AF246722', '2003-11-24 00:00:00', 344),
(190, 15322.9, 'NJ906924', '2004-04-02 00:00:00', 344),
(191, 21053.7, 'DG700707', '2004-01-18 00:00:00', 347),
(192, 20452.5, 'LG808674', '2003-10-24 00:00:00', 347),
(193, 18888.3, 'BQ602907', '2004-12-11 00:00:00', 350),
(194, 50824.7, 'CI471510', '2003-05-25 00:00:00', 350),
(195, 1834.56, 'OB648482', '2005-01-29 00:00:00', 350),
(196, 49705.5, 'CO351193', '2005-01-10 00:00:00', 353),
(197, 13920.3, 'ED878227', '2003-07-21 00:00:00', 353),
(198, 16700.5, 'GT878649', '2003-05-21 00:00:00', 353),
(199, 46656.9, 'HJ618252', '2005-06-09 00:00:00', 353),
(200, 20220, 'AG240323', '2003-12-16 00:00:00', 357),
(201, 36442.3, 'NB291497', '2004-05-15 00:00:00', 357),
(202, 18473.7, 'FP170292', '2004-07-11 00:00:00', 362),
(203, 15059.8, 'OG208861', '2004-09-21 00:00:00', 362),
(204, 50799.7, 'HL575273', '2004-11-17 00:00:00', 363),
(205, 10223.8, 'IS232033', '2003-01-16 00:00:00', 363),
(206, 55425.8, 'PN238558', '2003-12-05 00:00:00', 363),
(207, 28322.8, 'CA762595', '2005-02-12 00:00:00', 379),
(208, 32680.3, 'FR499138', '2003-09-16 00:00:00', 379),
(209, 12530.5, 'GB890854', '2004-08-02 00:00:00', 379),
(210, 12081.5, 'BC726082', '2004-12-03 00:00:00', 381),
(211, 1627.56, 'CC475233', '2003-04-19 00:00:00', 381),
(212, 14379.9, 'GB117430', '2005-02-03 00:00:00', 381),
(213, 1128.2, 'MS154481', '2003-08-22 00:00:00', 381),
(214, 35826.3, 'CC871084', '2003-05-12 00:00:00', 382),
(215, 6419.84, 'CT821147', '2004-08-01 00:00:00', 382),
(216, 42813.8, 'PH29054', '2004-11-27 00:00:00', 382),
(217, 20644.2, 'BN347084', '2003-12-02 00:00:00', 385),
(218, 15822.8, 'CP804873', '2004-11-19 00:00:00', 385),
(219, 51001.2, 'EK785462', '2003-03-09 00:00:00', 385),
(220, 38524.3, 'DO106109', '2003-11-18 00:00:00', 386),
(221, 51619, 'HG438769', '2004-07-18 00:00:00', 386),
(222, 33967.7, 'AJ478695', '2005-02-14 00:00:00', 398),
(223, 22037.9, 'DO787644', '2004-06-21 00:00:00', 398),
(224, 615.45, 'JPMR4544', '2005-05-18 00:00:00', 398),
(225, 48927.6, 'KB54275', '2004-11-29 00:00:00', 398),
(226, 12190.8, 'BJMPR4545', '2005-04-23 00:00:00', 406),
(227, 49165.2, 'HJ217687', '2004-01-28 00:00:00', 406),
(228, 25081, 'NA197101', '2004-06-17 00:00:00', 406),
(229, 35034.6, 'GH197075', '2004-07-25 00:00:00', 412),
(230, 31670.4, 'PJ434867', '2004-04-14 00:00:00', 412),
(231, 31310.1, 'ER54537', '2004-09-28 00:00:00', 415),
(232, 25506, 'KF480160', '2004-12-07 00:00:00', 424),
(233, 21666, 'LM271923', '2003-04-16 00:00:00', 424),
(234, 22042.4, 'OA595449', '2003-10-31 00:00:00', 424),
(235, 6631.36, 'AO757239', '2003-09-15 00:00:00', 447),
(236, 17032.3, 'ER615123', '2003-06-25 00:00:00', 447),
(237, 26304.1, 'OU516561', '2004-12-17 00:00:00', 447),
(238, 27966.5, 'FS299615', '2005-04-18 00:00:00', 448),
(239, 48809.9, 'KR822727', '2004-09-30 00:00:00', 448),
(240, 59551.4, 'EF485824', '2004-06-21 00:00:00', 450),
(241, 27121.9, 'ED473873', '2003-11-15 00:00:00', 452),
(242, 15131, 'FN640986', '2003-11-20 00:00:00', 452),
(243, 8807.12, 'HG635467', '2005-05-03 00:00:00', 452),
(244, 38139.2, 'HA777606', '2003-12-05 00:00:00', 455),
(245, 32239.5, 'IR662429', '2004-05-12 00:00:00', 455),
(246, 27550.5, 'GJ715659', '2004-11-13 00:00:00', 456),
(247, 1679.92, 'MO743231', '2004-04-30 00:00:00', 456),
(248, 33145.6, 'DD995006', '2004-11-15 00:00:00', 458),
(249, 22162.6, 'NA377824', '2004-02-06 00:00:00', 458),
(250, 57131.9, 'OO606861', '2003-06-13 00:00:00', 458),
(251, 30293.8, 'ED203908', '2005-04-15 00:00:00', 462),
(252, 9977.85, 'GC60330', '2003-11-08 00:00:00', 462),
(253, 48355.9, 'PE176846', '2004-11-27 00:00:00', 462),
(254, 9415.13, 'AB661578', '2004-07-28 00:00:00', 471),
(255, 35505.6, 'CO645196', '2003-12-10 00:00:00', 471),
(256, 7612.06, 'LL427009', '2004-02-17 00:00:00', 473),
(257, 17746.3, 'PC688499', '2003-10-27 00:00:00', 473),
(258, 7678.25, 'JP113227', '2003-12-09 00:00:00', 475),
(259, 36070.5, 'PB951268', '2004-02-13 00:00:00', 475),
(260, 3474.66, 'GK294076', '2004-10-26 00:00:00', 484),
(261, 47513.2, 'JH546765', '2003-11-29 00:00:00', 484),
(262, 5899.38, 'BL66528', '2004-04-14 00:00:00', 486),
(263, 45994.1, 'HS86661', '2004-11-23 00:00:00', 486),
(264, 25833.1, 'JB117768', '2003-03-20 00:00:00', 486),
(265, 29997.1, 'AH612904', '2003-09-28 00:00:00', 487),
(266, 12573.3, 'PT550181', '2004-02-29 00:00:00', 487),
(267, 22275.7, 'OC773849', '2003-12-04 00:00:00', 489),
(268, 7310.42, 'PO860906', '2004-01-31 00:00:00', 489),
(269, 59265.1, 'BH167026', '2003-12-26 00:00:00', 495),
(270, 6276.6, 'FN155234', '2004-05-14 00:00:00', 495),
(271, 30253.8, 'EU531600', '2005-05-25 00:00:00', 496),
(272, 32077.4, 'MB342426', '2003-07-16 00:00:00', 496),
(273, 52166, 'MN89921', '2004-12-31 00:00:00', 496);

-- --------------------------------------------------------

--
-- Table structure for table `products`
--

CREATE TABLE `products` (
  `id` bigint(20) NOT NULL,
  `buy_price` float DEFAULT NULL,
  `product_code` varchar(255) DEFAULT NULL,
  `product_description` varchar(255) DEFAULT NULL,
  `product_name` varchar(255) DEFAULT NULL,
  `product_scale` varchar(255) DEFAULT NULL,
  `product_vendor` varchar(255) DEFAULT NULL,
  `quantity_in_stock` bigint(20) DEFAULT NULL,
  `product_line_id` bigint(20) DEFAULT NULL
) ENGINE=InnoDB DEFAULT CHARSET=utf8;

--
-- Dumping data for table `products`
--

INSERT INTO `products` (`id`, `buy_price`, `product_code`, `product_description`, `product_name`, `product_scale`, `product_vendor`, `quantity_in_stock`, `product_line_id`) VALUES
(1, 48.81, 'S10_1678', 'This replica features working kickstand, front suspension, gear-shift lever, footbrake lever, drive chain, wheels and steering. All parts are particularly delicate due to their precise scale and require special care and attention.', '1969 Harley Davidson Ultimate Chopper', '1:10', 'Min Lin Diecast', 7933, 2),
(2, 98.58, 'S10_1949', 'Turnable front wheels; steering function; detailed interior; detailed engine; opening hood; opening trunk; opening doors; and detailed chassis.', '1952 Alpine Renault 1300', '1:10', 'Classic Metal Creations', 7305, 1),
(3, 68.99, 'S10_2016', 'Official Moto Guzzi logos and insignias, saddle bags located on side of motorcycle, detailed engine, working steering, working suspension, two leather seats, luggage rack, dual exhaust pipes, small saddle bag located on handle bars, two-tone paint with ch', '1996 Moto Guzzi 1100i', '1:10', 'Highway 66 Mini Classics', 6625, 2),
(4, 91.02, 'S10_4698', 'Model features, official Harley Davidson logos and insignias, detachable rear wheelie bar, heavy diecast metal with resin parts, authentic multi-color tampo-printed graphics, separate engine drive belts, free-turning front fork, rotating tires and rear ra', '2003 Harley-Davidson Eagle Drag Bike', '1:10', 'Red Start Diecast', 5582, 2),
(5, 85.68, 'S10_4757', 'Features include: Turnable front wheels; steering function; detailed interior; detailed engine; opening hood; opening trunk; opening doors; and detailed chassis.', '1972 Alfa Romeo GTA', '1:10', 'Motor City Art Classics', 3252, 1),
(6, 103.42, 'S10_4962', 'Features include: Turnable front wheels; steering function; detailed interior; detailed engine; opening hood; opening trunk; opening doors; and detailed chassis.', '1962 LanciaA Delta 16V', '1:10', 'Second Gear Diecast', 6791, 1),
(7, 95.34, 'S12_1099', 'Hood, doors and trunk all open to reveal highly detailed interior features. Steering wheel actually turns the front wheels. Color dark green.', '1968 Ford Mustang', '1:12', 'Autoart Studio Design', 68, 1),
(8, 95.59, 'S12_1108', 'Turnable front wheels; steering function; detailed interior; detailed engine; opening hood; opening trunk; opening doors; and detailed chassis.', '2001 Ferrari Enzo', '1:12', 'Second Gear Diecast', 3619, 1),
(9, 77.9, 'S12_1666', 'Model features 30 windows, skylights & glare resistant glass, working steering system, original logos', '1958 Setra Bus', '1:12', 'Welly Diecast Productions', 1579, 6),
(10, 66.27, 'S12_2823', 'Official logos and insignias, saddle bags located on side of motorcycle, detailed engine, working steering, working suspension, two leather seats, luggage rack, dual exhaust pipes, small saddle bag located on handle bars, two-tone paint with chrome accent', '2002 Suzuki XREO', '1:12', 'Unimax Art Galleries', 9997, 2),
(11, 89.14, 'S12_3148', '1:18 scale die-cast about 10\" long doors open, hood opens, trunk opens and wheels roll', '1969 Corvair Monza', '1:18', 'Welly Diecast Productions', 6906, 1),
(12, 75.16, 'S12_3380', '1:12 scale model of a 1968 Dodge Charger. Hood, doors and trunk all open to reveal highly detailed interior features. Steering wheel actually turns the front wheels. Color black', '1968 Dodge Charger', '1:12', 'Welly Diecast Productions', 9123, 1),
(13, 83.05, 'S12_3891', 'Turnable front wheels; steering function; detailed interior; detailed engine; opening hood; opening trunk; opening doors; and detailed chassis.', '1969 Ford Falcon', '1:12', 'Second Gear Diecast', 1049, 1),
(14, 31.92, 'S12_3990', 'Very detailed 1970 Plymouth Cuda model in 1:12 scale. The Cuda is generally accepted as one of the fastest original muscle cars from the 1970s. This model is a reproduction of one of the orginal 652 cars built in 1970. Red color.', '1970 Plymouth Hemi Cuda', '1:12', 'Studio M Art Models', 5663, 1),
(15, 55.7, 'S12_4473', '1:12 scale die-cast about 20\" long Hood opens, Rubber wheels', '1957 Chevy Pickup', '1:12', 'Exoto Designs', 6125, 6),
(16, 58.73, 'S12_4675', 'Detailed model of the 1969 Dodge Charger. This model includes finely detailed interior and exterior features. Painted in red and white.', '1969 Dodge Charger', '1:12', 'Welly Diecast Productions', 7323, 1),
(17, 58.33, 'S18_1097', 'This model features soft rubber tires, working steering, rubber mud guards, authentic Ford logos, detailed undercarriage, opening doors and hood, removable split rear gate, full size spare mounted in bed, detailed interior with opening glove box', '1940 Ford Pickup Truck', '1:18', 'Studio M Art Models', 2613, 6),
(18, 83.51, 'S18_1129', 'This model features, opening hood, opening doors, detailed engine, rear spoiler, opening trunk, working steering, tinted windows, baked enamel finish. Color red.', '1993 Mazda RX-7', '1:18', 'Highway 66 Mini Classics', 3975, 1),
(19, 60.62, 'S18_1342', 'Features opening engine cover, doors, trunk, and fuel filler cap. Color black', '1937 Lincoln Berline', '1:18', 'Motor City Art Classics', 8693, 7),
(20, 24.26, 'S18_1367', 'This 1:18 scale replica is constructed of heavy die-cast metal and has all the features of the original: working doors and rumble seat, independent spring suspension, detailed interior, working steering system, and a bifold hood that reveals an engine so ', '1936 Mercedes-Benz 500K Special Roadster', '1:18', 'Studio M Art Models', 8635, 7),
(21, 65.96, 'S18_1589', 'Die-cast model of the silver 1965 Aston Martin DB5 in silver. This model includes full wire wheels and doors that open with fully detailed passenger compartment. In 1:18 scale, this model measures approximately 10 inches/20 cm long.', '1965 Aston Martin DB5', '1:18', 'Classic Metal Creations', 9042, 1),
(22, 77.27, 'S18_1662', '1:18 scale replica of actual Army\'s UH-60L BLACK HAWK Helicopter. 100% hand-assembled. Features rotating rotor blades, propeller blades and rubber wheels.', '1980s Black Hawk Helicopter', '1:18', 'Red Start Diecast', 5330, 3),
(23, 86.7, 'S18_1749', 'This 1:18 scale replica of the 1917 Grand Touring car has all the features you would expect from museum quality reproductions: all four doors and bi-fold hood opening, detailed engine and instrument panel, chrome-look trim, and tufted upholstery, all topp', '1917 Grand Touring Sedan', '1:18', 'Welly Diecast Productions', 2724, 7),
(24, 53.9, 'S18_1889', 'This precision die-cast replica features opening doors, superb detail and craftsmanship, working steering system, opening forward compartment, opening rear trunk with removable spare, 4 wheel independent spring suspension as well as factory baked enamel f', '1948 Porsche 356-A Roadster', '1:18', 'Gearbox Collectibles', 8826, 1),
(25, 93.89, 'S18_1984', 'This model features, opening hood, opening doors, detailed engine, rear spoiler, opening trunk, working steering, tinted windows, baked enamel finish. Color yellow.', '1995 Honda Civic', '1:18', 'Min Lin Diecast', 9772, 1),
(26, 101.51, 'S18_2238', 'Turnable front wheels; steering function; detailed interior; detailed engine; opening hood; opening trunk; opening doors; and detailed chassis.', '1998 Chrysler Plymouth Prowler', '1:18', 'Gearbox Collectibles', 4724, 1),
(27, 33.3, 'S18_2248', 'Features opening hood, opening doors, opening trunk, wide white wall tires, front door arm rests, working steering system.', '1911 Ford Town Car', '1:18', 'Motor City Art Classics', 540, 7),
(28, 74.86, 'S18_2319', 'Exact replica. 100+ parts. working steering system, original logos', '1964 Mercedes Tour Bus', '1:18', 'Unimax Art Galleries', 8258, 6),
(29, 58.48, 'S18_2325', 'This model features grille-mounted chrome horn, lift-up louvered hood, fold-down rumble seat, working steering system, chrome-covered spare, opening doors, detailed and wired engine', '1932 Model A Ford J-Coupe', '1:18', 'Autoart Studio Design', 9354, 7),
(30, 24.92, 'S18_2432', 'Gleaming red handsome appearance. Everything is here the fire hoses, ladder, axes, bells, lanterns, ready to fight any inferno.', '1926 Ford Fire Engine', '1:18', 'Carousel DieCast Legends', 2018, 6),
(31, 49, 'S18_2581', 'Has retractable wheels and comes with a stand', 'P-51-D Mustang', '0.091666667', 'Gearbox Collectibles', 992, 3),
(32, 24.23, 'S18_2625', 'Intricately detailed with chrome accents and trim, official die-struck logos and baked enamel finish.', '1936 Harley Davidson El Knucklehead', '1:18', 'Welly Diecast Productions', 4357, 2),
(33, 72.56, 'S18_2795', 'This 1:18 replica features grille-mounted chrome horn, lift-up louvered hood, fold-down rumble seat, working steering system, chrome-covered spare, opening doors, detailed and wired engine. Color black.', '1928 Mercedes-Benz SSK', '1:18', 'Gearbox Collectibles', 548, 7),
(34, 56.76, 'S18_2870', 'Features include opening and closing doors. Color: Red', '1999 Indy 500 Monte Carlo SS', '1:18', 'Red Start Diecast', 8164, 1),
(35, 60.78, 'S18_2949', 'This 250 part reproduction includes moving handbrakes, clutch, throttle and foot pedals, squeezable horn, detailed wired engine, removable water, gas, and oil cans, pivoting monocle windshield, all topped with a baked enamel red finish. Each replica comes', '1913 Ford Model T Speedster', '1:18', 'Carousel DieCast Legends', 4189, 7),
(36, 34.35, 'S18_2957', 'Chrome Trim, Chrome Grille, Opening Hood, Opening Doors, Opening Trunk, Detailed Engine, Working Steering System', '1934 Ford V8 Coupe', '1:18', 'Min Lin Diecast', 5649, 7),
(37, 51.61, 'S18_3029', 'Exact replica. Wood and Metal. Many extras including rigging, long boats, pilot house, anchors, etc. Comes with three masts, all square-rigged.', '1999 Yamaha Speed Boat', '1:18', 'Min Lin Diecast', 4259, 4),
(38, 60.74, 'S18_3136', 'Hand crafted diecast-like metal horse carriage is re-created in about 1:18 scale of antique horse carriage. This antique style metal Stagecoach is all hand-assembled with many different parts. This collectible metal horse carriage is painted in classic Re', '18th Century Vintage Horse Carriage', '1:18', 'Red Start Diecast', 5992, 7),
(39, 68.3, 'S18_3140', 'Features opening trunk, working steering system', '1903 Ford Model A', '1:18', 'Unimax Art Galleries', 3913, 7),
(40, 77.9, 'S18_3232', 'his replica features opening doors, superb detail and craftsmanship, working steering system, opening forward compartment, opening rear trunk with removable spare, 4 wheel independent spring suspension as well as factory baked enamel finish.', '1992 Ferrari 360 Spider red', '1:18', 'Unimax Art Galleries', 8347, 1),
(41, 57.01, 'S18_3233', 'This model features soft rubber tires, working steering, rubber mud guards, authentic Ford logos, detailed undercarriage, opening doors and hood, removable split rear gate, full size spare mounted in bed, detailed interior with opening glove box', '1985 Toyota Supra', '1:18', 'Highway 66 Mini Classics', 7733, 1),
(42, 67.56, 'S18_3259', 'Hand crafted wooden toy train set is in about 1:18 scale, 25 inches in total length including 2 additional carts, of actual vintage train. This antique style wooden toy train model set is all hand-assembled with 100% wood.', 'Collectable Wooden Train', '1:18', 'Carousel DieCast Legends', 6450, 5),
(43, 49.05, 'S18_3278', 'This replica features opening doors, superb detail and craftsmanship, working steering system, opening forward compartment, opening rear trunk with removable spare, 4 wheel independent spring suspension as well as factory baked enamel finish.', '1969 Dodge Super Bee', '1:18', 'Min Lin Diecast', 1917, 1),
(44, 57.54, 'S18_3320', 'Features Gold Trim, Full Size Spare Tire, Chrome Trim, Chrome Grille, Opening Hood, Opening Doors, Opening Trunk, Detailed Engine, Working Steering System', '1917 Maxwell Touring Car', '1:18', 'Exoto Designs', 7913, 7),
(45, 73.49, 'S18_3482', 'Highly detailed 1976 Ford Gran Torino \"Starsky and Hutch\" diecast model. Very well constructed and painted in red and white patterns.', '1976 Ford Gran Torino', '1:18', 'Gearbox Collectibles', 9127, 1),
(46, 62.16, 'S18_3685', 'This model features working front and rear suspension on accurately replicated and actuating shock absorbers as well as opening engine cover, rear stabilizer flap, and 4 opening doors.', '1948 Porsche Type 356 Roadster', '1:18', 'Gearbox Collectibles', 8990, 1),
(47, 32.95, 'S18_3782', 'Features rotating wheels , working kick stand. Comes with stand.', '1957 Vespa GS150', '1:18', 'Studio M Art Models', 7689, 2),
(48, 64.58, 'S18_3856', 'Features opening hood, opening doors, opening trunk, wide white wall tires, front door arm rests, working steering system, leather upholstery. Color black.', '1941 Chevrolet Special Deluxe Cabriolet', '1:18', 'Exoto Designs', 2378, 7),
(49, 91.92, 'S18_4027', 'Features include opening and closing doors. Color: White.', '1970 Triumph Spitfire', '1:18', 'Min Lin Diecast', 5545, 1),
(50, 43.26, 'S18_4409', 'This 1:18 scale precision die cast replica features the 6 front headlights of the original, plus a detailed version of the 142 horsepower straight 8 engine, dual spares and their famous comprehensive dashboard. Color black.', '1932 Alfa Romeo 8C2300 Spider Sport', '1:18', 'Exoto Designs', 6553, 7),
(51, 52.66, 'S18_4522', 'Features opening trunk, working steering system', '1904 Buick Runabout', '1:18', 'Exoto Designs', 8290, 7),
(52, 84.76, 'S18_4600', 'This 1940s Ford Pick-Up truck is re-created in 1:18 scale of original 1940s Ford truck. This antique style metal 1940s Ford Flatbed truck is all hand-assembled. This collectible 1940\'s Pick-Up truck is painted in classic dark green color, and features rot', '1940s Ford truck', '1:18', 'Motor City Art Classics', 3128, 6),
(53, 23.14, 'S18_4668', 'Features completely detailed interior including Velvet flocked drapes,deluxe wood grain floor, and a wood grain casket with seperate chrome handles', '1939 Cadillac Limousine', '1:18', 'Studio M Art Models', 6645, 7),
(54, 69.93, 'S18_4721', '1957 die cast Corvette Convertible in Roman Red with white sides and whitewall tires. 1:18 scale quality die-cast with detailed engine and underbvody. Now you can own The Classic Corvette.', '1957 Corvette Convertible', '1:18', 'Classic Metal Creations', 1249, 1),
(55, 34.21, 'S18_4933', 'This 1:18 scale precision die-cast replica, with its optional porthole hardtop and factory baked-enamel Thunderbird Bronze finish, is a 100% accurate rendition of this American classic.', '1957 Ford Thunderbird', '1:18', 'Studio M Art Models', 3209, 1),
(56, 49.24, 'S24_1046', 'This model features rotating wheels, working streering system and opening doors. All parts are particularly delicate due to their precise scale and require special care and attention. It should not be picked up by the doors, roof, hood or trunk.', '1970 Chevy Chevelle SS 454', '1:24', 'Unimax Art Galleries', 1005, 1),
(57, 32.37, 'S24_1444', '1:24 scale die-cast about 18\" long doors open, hood opens and rubber wheels', '1970 Dodge Coronet', '1:24', 'Highway 66 Mini Classics', 4074, 1),
(58, 60.86, 'S24_1578', 'Detailed scale replica with working suspension and constructed from over 70 parts', '1997 BMW R 1100 S', '1:24', 'Autoart Studio Design', 7003, 2),
(59, 29.18, 'S24_1628', 'This diecast model of the 1966 Shelby Cobra 427 S/C includes many authentic details and operating parts. The 1:24 scale model of this iconic lighweight sports car from the 1960s comes in silver and it\'s own display case.', '1966 Shelby Cobra 427 S/C', '1:24', 'Carousel DieCast Legends', 8197, 1),
(60, 66.74, 'S24_1785', 'Official logos and insignias', '1928 British Royal Navy Airplane', '1:24', 'Classic Metal Creations', 3627, 3),
(61, 22.57, 'S24_1937', 'This 1:24 scale die-cast replica of the 1939 Chevrolet Deluxe Coupe has the same classy look as the original. Features opening trunk, hood and doors and a showroom quality baked enamel finish.', '1939 Chevrolet Deluxe Coupe', '1:24', 'Motor City Art Classics', 7332, 7),
(62, 37.32, 'S24_2000', 'Detailed scale replica with working suspension and constructed from over 70 parts', '1960 BSA Gold Star DBD34', '1:24', 'Highway 66 Mini Classics', 15, 2),
(63, 82.34, 'S24_2011', 'All wood with canvas sails. Many extras including rigging, long boats, pilot house, anchors, etc. Comes with 4 masts, all square-rigged.', '18th century schooner', '1:24', 'Carousel DieCast Legends', 1898, 4),
(64, 20.61, 'S24_2022', 'This 1:24 scale precision die cast replica of the 1938 Cadillac V-16 Presidential Limousine has all the details of the original, from the flags on the front to an opening back seat compartment complete with telephone and rifle. Features factory baked-enam', '1938 Cadillac V-16 Presidential Limousine', '1:24', 'Classic Metal Creations', 2847, 7),
(65, 61.34, 'S24_2300', 'This 1:18 scale die cast replica of the 1962 Microbus is loaded with features: A working steering system, opening front doors and tailgate, and famous two-tone factory baked enamel finish, are all topped of by the sliding, real fabric, sunroof.', '1962 Volkswagen Microbus', '1:24', 'Autoart Studio Design', 2327, 6),
(66, 47.1, 'S24_2360', 'Features two-tone paint with chrome accents, superior die-cast detail , rotating wheels , working kick stand', '1982 Ducati 900 Monster', '1:24', 'Highway 66 Mini Classics', 6840, 2),
(67, 47.25, 'S24_2766', 'Precision-engineered from original Jaguar specification in perfect scale ratio. Features opening doors, superb detail and craftsmanship, working steering system, opening forward compartment, opening rear trunk with removable spare, 4 wheel independent spr', '1949 Jaguar XK 120', '1:24', 'Classic Metal Creations', 2350, 1),
(68, 15.91, 'S24_2840', 'The operating parts of this 1958 Chevy Corvette Limited Edition are particularly delicate due to their precise scale and require special care and attention. Features rotating wheels, working streering, opening doors and trunk. Color dark green.', '1958 Chevy Corvette Limited Edition', '1:24', 'Carousel DieCast Legends', 2542, 1),
(69, 34.25, 'S24_2841', 'Hand crafted diecast-like metal bi-plane is re-created in about 1:24 scale of antique pioneer airplane. All hand-assembled with many different parts. Hand-painted in classic yellow and features correct markings of original airplane.', '1900s Vintage Bi-Plane', '1:24', 'Autoart Studio Design', 5942, 3),
(70, 72.82, 'S24_2887', 'Precision crafted hand-assembled 1:18 scale reproduction of the 1952 15CV, with its independent spring suspension, working steering system, opening doors and hood, detailed engine and instrument panel, all topped of with a factory fresh baked enamel finis', '1952 Citroen-15CV', '1:24', 'Exoto Designs', 1452, 1),
(71, 16.24, 'S24_2972', 'This replica features opening doors, superb detail and craftsmanship, working steering system, opening forward compartment, opening rear trunk with removable spare, 4 wheel independent spring suspension as well as factory baked enamel finish.', '1982 Lamborghini Diablo', '1:24', 'Second Gear Diecast', 7723, 1),
(72, 46.91, 'S24_3151', 'This model features chrome trim and grille, opening hood, opening doors, opening trunk, detailed engine, working steering system. Color white.', '1912 Ford Model T Delivery Wagon', '1:24', 'Min Lin Diecast', 9173, 7),
(73, 50.51, 'S24_3191', '1969 Z/28 Chevy Camaro 1:24 scale replica. The operating parts of this limited edition 1:24 scale diecast model car 1969 Chevy Camaro Z28- hood, trunk, wheels, streering, suspension and doors- are particularly delicate due to their precise scale and requi', '1969 Chevrolet Camaro Z28', '1:24', 'Exoto Designs', 4695, 1),
(74, 38.58, 'S24_3371', 'This 1971 Alpine Renault 1600s replica Features opening doors, superb detail and craftsmanship, working steering system, opening forward compartment, opening rear trunk with removable spare, 4 wheel independent spring suspension as well as factory baked e', '1971 Alpine Renault 1600s', '1:24', 'Welly Diecast Productions', 7995, 1),
(75, 26.3, 'S24_3420', 'Features opening hood, opening doors, opening trunk, wide white wall tires, front door arm rests, working steering system', '1937 Horch 930V Limousine', '1:24', 'Autoart Studio Design', 2902, 7),
(76, 62.11, 'S24_3432', 'The operating parts of this limited edition Diecast 2002 Chevy Corvette 50th Anniversary Pace car Limited Edition are particularly delicate due to their precise scale and require special care and attention. Features rotating wheels, poseable streering, op', '2002 Chevy Corvette', '1:24', 'Gearbox Collectibles', 9446, 1),
(77, 48.64, 'S24_3816', 'Chrome Trim, Chrome Grille, Opening Hood, Opening Doors, Opening Trunk, Detailed Engine, Working Steering System. Color black.', '1940 Ford Delivery Sedan', '1:24', 'Carousel DieCast Legends', 6621, 7),
(78, 98.3, 'S24_3856', 'Features include: Turnable front wheels; steering function; detailed interior; detailed engine; opening hood; opening trunk; opening doors; and detailed chassis.', '1956 Porsche 356A Coupe', '1:18', 'Classic Metal Creations', 6600, 1),
(79, 29.34, 'S24_3949', 'Has retractable wheels and comes with a stand. Official logos and insignias.', 'Corsair F4U ( Bird Cage)', '1:24', 'Second Gear Diecast', 6812, 3),
(80, 21.75, 'S24_3969', 'This model features grille-mounted chrome horn, lift-up louvered hood, fold-down rumble seat, working steering system and rubber wheels. Color black.', '1936 Mercedes Benz 500k Roadster', '1:24', 'Red Start Diecast', 2081, 7),
(81, 69.78, 'S24_4048', 'This replica features opening doors, superb detail and craftsmanship, working steering system, opening forward compartment, opening rear trunk with removable spare, 4 wheel independent spring suspension as well as factory baked enamel finish.', '1992 Porsche Cayenne Turbo Silver', '1:24', 'Exoto Designs', 6582, 1),
(82, 57.46, 'S24_4258', 'Features opening trunk, working steering system. Color dark green.', '1936 Chrysler Airflow', '1:24', 'Second Gear Diecast', 4710, 7),
(83, 36.23, 'S24_4278', 'Hand crafted diecast-like metal Triplane is Re-created in about 1:24 scale of antique pioneer airplane. This antique style metal triplane is all hand-assembled with many different parts.', '1900s Vintage Tri-Plane', '1:24', 'Unimax Art Galleries', 2756, 3),
(84, 32.33, 'S24_4620', 'This 1:18 scale precision die-cast reproduction of the 1961 Chevrolet Impala has all the features-doors, hood and trunk that open; detailed 409 cubic-inch engine; chrome dashboard and stick shift, two-tone interior; working steering system; all topped of ', '1961 Chevrolet Impala', '1:18', 'Classic Metal Creations', 7869, 1),
(85, 53.93, 'S32_1268', 'This 1980’s era new look Manhattan express is still active, running from the Bronx to mid-town Manhattan. Has 35 opeining windows and working lights. Needs a battery.', '1980’s GM Manhattan Express', '1:32', 'Motor City Art Classics', 5099, 6),
(86, 66.92, 'S32_1374', 'Features official die-struck logos and baked enamel finish. Comes with stand.', '1997 BMW F650 ST', '1:32', 'Exoto Designs', 178, 2),
(87, 24.14, 'S32_2206', 'Features rotating wheels , working kick stand. Comes with stand.', '1982 Ducati 996 R', '1:32', 'Gearbox Collectibles', 9241, 2),
(88, 25.98, 'S32_2509', 'Model features bi-level seating, 50 windows, skylights & glare resistant glass, working steering system, original logos', '1954 Greyhound Scenicruiser', '1:32', 'Classic Metal Creations', 2874, 6),
(89, 26.72, 'S32_3207', 'This streetcar is a joy to see. It has 80 separate windows, electric wire guides, detailed interiors with seats, poles and drivers controls, rolling and turning wheel assemblies, plus authentic factory baked-enamel finishes (Green Hornet for Chicago and C', '1950\'s Chicago Surface Lines Streetcar', '1:32', 'Gearbox Collectibles', 8601, 5),
(90, 33.61, 'S32_3522', 'This model features, opening doors, detailed engine, working steering, tinted windows, detailed interior, die-struck logos, removable stakes operating outriggers, detachable second trailer, functioning 360-degree self loader, precision molded resin traile', '1996 Peterbilt 379 Stake Bed with Outrigger', '1:32', 'Red Start Diecast', 814, 6),
(91, 33.02, 'S32_4289', 'This model features grille-mounted chrome horn, lift-up louvered hood, fold-down rumble seat, working steering system', '1928 Ford Phaeton Deluxe', '1:32', 'Highway 66 Mini Classics', 136, 7),
(92, 56.13, 'S32_4485', 'This model features two-tone paint with chrome accents, superior die-cast detail , rotating wheels , working kick stand', '1974 Ducati 350 Mk3 Desmo', '1:32', 'Second Gear Diecast', 3341, 2),
(93, 27.06, 'S50_1341', 'Features opening trunk, working steering system', '1930 Buick Marquette Phaeton', '1:50', 'Studio M Art Models', 7062, 7),
(94, 68.29, 'S50_1392', 'This limited edition model is licensed and perfectly scaled for Lionel Trains. The Diamond T620 has been produced in solid precision diecast and painted with a fire baked enamel finish. It comes with a removable tanker and is a perfect model to add authen', 'Diamond T620 Semi-Skirted Tanker', '1:50', 'Highway 66 Mini Classics', 1016, 6),
(95, 37.49, 'S50_1514', 'This streetcar is a joy to see. It has 99 separate windows, electric wire guides, detailed interiors with seats, poles and drivers controls, rolling and turning wheel assemblies, plus authentic factory baked-enamel finishes (Green Hornet for Chicago and C', '1962 City of Detroit Streetcar', '1:50', 'Classic Metal Creations', 1645, 5),
(96, 34.17, 'S50_4713', 'Features rotating wheels , working kick stand. Comes with stand.', '2002 Yamaha YZR M1', '1:50', 'Autoart Studio Design', 600, 2),
(97, 34, 'S700_1138', 'All wood with canvas sails. Measures 31 1/2 inches in Length, 22 inches High and 4 3/4 inches Wide. Many extras. The schooner Bluenose was built in Nova Scotia in 1921 to fish the rough waters off the coast of Newfoundland. Because of the Bluenose racing ', 'The Schooner Bluenose', '0.527777778', 'Autoart Studio Design', 1897, 4),
(98, 51.15, 'S700_1691', 'Exact replia with official logos and insignias and retractable wheels', 'American Airlines: B767-300', '0.527777778', 'Min Lin Diecast', 5841, 3),
(99, 43.3, 'S700_1938', 'Measures 31 1/2 inches Long x 25 1/2 inches High x 10 5/8 inches Wide All wood with canvas sail. Extras include long boats, rigging, ladders, railing, anchors, side cannons, hand painted, etc.', 'The Mayflower', '0.527777778', 'Studio M Art Models', 737, 4),
(100, 39.83, 'S700_2047', 'Measures 30 inches Long x 27 1/2 inches High x 4 3/4 inches Wide. Many extras including rigging, long boats, pilot house, anchors, etc. Comes with three masts, all square-rigged.', 'HMS Bounty', '0.527777778', 'Unimax Art Galleries', 3501, 4),
(101, 68.8, 'S700_2466', 'Official logos and insignias. Working steering system. Rotating jet engines', 'America West Airlines B757-200', '0.527777778', 'Motor City Art Classics', 9653, 3),
(102, 33.97, 'S700_2610', 'All wood with canvas sails. Measures 31 1/2\" Length x 22 3/8\" High x 8 1/4\" Width. Extras include 4 boats on deck, sea sprite on bow, anchors, copper railing, pilot houses, etc.', 'The USS Constitution Ship', '0.527777778', 'Red Start Diecast', 7083, 4),
(103, 46.53, 'S700_2824', 'Features include opening and closing doors. Color: White. Measures approximately 9 1/2\" Long.', '1982 Camaro Z28', '1:18', 'Carousel DieCast Legends', 6934, 1),
(104, 59.33, 'S700_2834', 'Exact replia with official logos and insignias and retractable wheels', 'ATA: B757-300', '0.527777778', 'Highway 66 Mini Classics', 7106, 3),
(105, 54.4, 'S700_3167', '10\" Wingspan with retractable landing gears.Comes with pilot', 'F/A 18 Hornet 1/72', '0.091666667', 'Motor City Art Classics', 551, 3),
(106, 51.09, 'S700_3505', 'Completed model measures 19 1/2 inches long, 9 inches high, 3inches wide and is in barn red/black. All wood and metal.', 'The Titanic', '0.527777778', 'Carousel DieCast Legends', 1956, 4),
(107, 53.63, 'S700_3962', 'Exact replica. Wood and Metal. Many extras including rigging, long boats, pilot house, anchors, etc. Comes with three masts, all square-rigged.', 'The Queen Mary', '0.527777778', 'Welly Diecast Productions', 5088, 4),
(108, 36.27, 'S700_4002', 'Polished finish. Exact replia with official logos and insignias and retractable wheels', 'American Airlines: MD-11S', '0.527777778', 'Second Gear Diecast', 8820, 3),
(109, 32.77, 'S72_1253', '10\" Wingspan with retractable landing gears.Comes with pilot', 'Boeing X-32A JSF', '0.091666667', 'Motor City Art Classics', 4857, 3),
(110, 33.3, 'S72_3212', 'Measures 38 inches Long x 33 3/4 inches High. Includes a stand. Many extras including rigging, long boats, pilot house, anchors, etc. Comes with 2 masts, all square-rigged', 'Pont Yacht', '0.091666667', 'Unimax Art Galleries', 414, 4);

-- --------------------------------------------------------

--
-- Table structure for table `product_lines`
--

CREATE TABLE `product_lines` (
  `id` bigint(20) NOT NULL,
  `description` varchar(255) DEFAULT NULL,
  `product_line` varchar(255) DEFAULT NULL
) ENGINE=InnoDB DEFAULT CHARSET=utf8;

--
-- Dumping data for table `product_lines`
--

INSERT INTO `product_lines` (`id`, `description`, `product_line`) VALUES
(1, 'Attention car enthusiasts: Make your wildest car ownership dreams come true. Whether you are looking for classic muscle cars, dream sports cars or movie-inspired miniatures, you will find great choices in this category. These replicas feature superb atten', 'Classic Cars'),
(2, 'Our motorcycles are state of the art replicas of classic as well as contemporary motorcycle legends such as Harley Davidson, Ducati and Vespa. Models contain stunning details such as official logos, rotating wheels, working kickstand, front suspension, ge', 'Motorcycles'),
(3, 'Unique, diecast airplane and helicopter replicas suitable for collections, as well as home, office or classroom decorations. Models contain stunning details such as official logos and insignias, rotating jet engines and propellers, retractable wheels, and', 'Planes'),
(4, 'The perfect holiday or anniversary gift for executives, clients, friends, and family. These handcrafted model ships are unique, stunning works of art that will be treasured for generations! They come fully assembled and ready for display in the home or of', 'Ships'),
(5, 'Model trains are a rewarding hobby for enthusiasts of all ages. Whether you\'re looking for collectible wooden trains, electric streetcars or locomotives, you\'ll find a number of great choices for any budget within this category. The interactive aspect of ', 'Trains'),
(6, 'The Truck and Bus models are realistic replicas of buses and specialized trucks produced from the early 1920s to present. The models range in size from 1:12 to 1:50 scale and include numerous limited edition and several out-of-production vehicles. Materia', 'Trucks and Buses'),
(7, 'Our Vintage Car models realistically portray automobiles produced from the early 1900s through the 1940s. Materials used include Bakelite, diecast, plastic and wood. Most of the replicas are in the 1:18 and 1:24 scale sizes, which provide the optimum in d', 'Vintage Cars');

--
-- Indexes for dumped tables
--

--
-- Indexes for table `customers`
--
ALTER TABLE `customers`
  ADD PRIMARY KEY (`id`);

--
-- Indexes for table `employees`
--
ALTER TABLE `employees`
  ADD PRIMARY KEY (`id`),
  ADD UNIQUE KEY `UK_j9xgmd0ya5jmus09o0b8pqrpb` (`email`);

--
-- Indexes for table `offices`
--
ALTER TABLE `offices`
  ADD PRIMARY KEY (`id`);

--
-- Indexes for table `orders`
--
ALTER TABLE `orders`
  ADD PRIMARY KEY (`id`),
  ADD KEY `FKpxtb8awmi0dk6smoh2vp1litg` (`customer_id`);

--
-- Indexes for table `order_details`
--
ALTER TABLE `order_details`
  ADD PRIMARY KEY (`id`),
  ADD KEY `FKjyu2qbqt8gnvno9oe9j2s2ldk` (`order_id`),
  ADD KEY `FK4q98utpd73imf4yhttm3w0eax` (`product_id`);

--
-- Indexes for table `payments`
--
ALTER TABLE `payments`
  ADD PRIMARY KEY (`id`),
  ADD KEY `FK45dp0030s8e3myd8n6ky4e79g` (`customer_id`);

--
-- Indexes for table `products`
--
ALTER TABLE `products`
  ADD PRIMARY KEY (`id`),
  ADD UNIQUE KEY `UK_922x4t23nx64422orei4meb2y` (`product_code`),
  ADD KEY `FK1eicg1yvaxh1gqdp2lsda7vlv` (`product_line_id`);

--
-- Indexes for table `product_lines`
--
ALTER TABLE `product_lines`
  ADD PRIMARY KEY (`id`);

--
-- AUTO_INCREMENT for dumped tables
--

--
-- AUTO_INCREMENT for table `customers`
--
ALTER TABLE `customers`
  MODIFY `id` bigint(20) NOT NULL AUTO_INCREMENT, AUTO_INCREMENT=498;

--
-- AUTO_INCREMENT for table `employees`
--
ALTER TABLE `employees`
  MODIFY `id` bigint(20) NOT NULL AUTO_INCREMENT, AUTO_INCREMENT=1703;

--
-- AUTO_INCREMENT for table `offices`
--
ALTER TABLE `offices`
  MODIFY `id` bigint(20) NOT NULL AUTO_INCREMENT, AUTO_INCREMENT=8;

--
-- AUTO_INCREMENT for table `orders`
--
ALTER TABLE `orders`
  MODIFY `id` bigint(20) NOT NULL AUTO_INCREMENT, AUTO_INCREMENT=10425;

--
-- AUTO_INCREMENT for table `order_details`
--
ALTER TABLE `order_details`
  MODIFY `id` bigint(20) NOT NULL AUTO_INCREMENT, AUTO_INCREMENT=2982;

--
-- AUTO_INCREMENT for table `payments`
--
ALTER TABLE `payments`
  MODIFY `id` bigint(20) NOT NULL AUTO_INCREMENT, AUTO_INCREMENT=274;

--
-- AUTO_INCREMENT for table `products`
--
ALTER TABLE `products`
  MODIFY `id` bigint(20) NOT NULL AUTO_INCREMENT, AUTO_INCREMENT=111;

--
-- AUTO_INCREMENT for table `product_lines`
--
ALTER TABLE `product_lines`
  MODIFY `id` bigint(20) NOT NULL AUTO_INCREMENT, AUTO_INCREMENT=8;

--
-- Constraints for dumped tables
--

--
-- Constraints for table `orders`
--
ALTER TABLE `orders`
  ADD CONSTRAINT `FKpxtb8awmi0dk6smoh2vp1litg` FOREIGN KEY (`customer_id`) REFERENCES `customers` (`id`);

--
-- Constraints for table `order_details`
--
ALTER TABLE `order_details`
  ADD CONSTRAINT `FK4q98utpd73imf4yhttm3w0eax` FOREIGN KEY (`product_id`) REFERENCES `products` (`id`),
  ADD CONSTRAINT `FKjyu2qbqt8gnvno9oe9j2s2ldk` FOREIGN KEY (`order_id`) REFERENCES `orders` (`id`);

--
-- Constraints for table `payments`
--
ALTER TABLE `payments`
  ADD CONSTRAINT `FK45dp0030s8e3myd8n6ky4e79g` FOREIGN KEY (`customer_id`) REFERENCES `customers` (`id`);

--
-- Constraints for table `products`
--
ALTER TABLE `products`
  ADD CONSTRAINT `FK1eicg1yvaxh1gqdp2lsda7vlv` FOREIGN KEY (`product_line_id`) REFERENCES `product_lines` (`id`);
COMMIT;

/*!40101 SET CHARACTER_SET_CLIENT=@OLD_CHARACTER_SET_CLIENT */;
/*!40101 SET CHARACTER_SET_RESULTS=@OLD_CHARACTER_SET_RESULTS */;
/*!40101 SET COLLATION_CONNECTION=@OLD_COLLATION_CONNECTION */;
